CustomerID,Gender,TotalSpend,AverageOrderValue,PurchaseFrequency,IsPremiumMember,Region,CustomerSatisfaction,CLV,ValuePerOrder,HighValueCustomer,SatisfactionSpendScore,OrderValueScore
CUST100000,Male,10072.94,107.82,9.96,1,Urban,1.54,7596.87,919.0638686,0,15512.3276,1073.8872
CUST100001,Male,8003.86,472.38,,1,Suburban,4.29,8185.19,889.3177778,1,34336.5594,3779.04
CUST100002,Male,10840.68,144.5,7.59,1,Urban,4.69,7945.16,1262.011641,1,50842.7892,1096.755
CUST100003,Female,12596.21,129.08,2.31,0,Rural,4.16,5922.92,3805.501511,0,52400.2336,298.1748
CUST100004,Male,13518.65,1357.45,3.49,0,Suburban,1.8,11120.52,3010.835189,0,24333.57,4737.5005
CUST100005,Male,10696.38,153.22,4.76,1,Urban,2.65,8346.38,1857.010417,0,28345.407,729.3272
CUST100006,Male,14456.3,292.2,7.78,1,Urban,3.4,9714.62,1646.503417,0,49151.42,2273.316
CUST100007,Female,2911.43,48.51,9.17,1,Urban,1.64,5685.5,286.2763029,0,4774.7452,444.8367
CUST100008,Female,4318.45,329.47,2.05,0,Suburban,1.84,3558.18,1415.885246,0,7945.948,675.4135
CUST100009,Male,16392.83,1804.25,9.24,0,Urban,2.13,15976.57,1600.862305,0,34916.7279,16671.27
CUST100010,Male,6518.31,95.36,7.02,1,Urban,3.04,6313.14,812.7568579,0,19815.6624,669.4272
CUST100011,Male,555.59,6.68,6.19,0,Suburban,3.04,1827,77.27260083,0,1688.9936,41.3492
CUST100012,Male,3160.44,39.86,2.16,1,Rural,4.26,4422.84,1000.139241,1,13463.4744,86.0976
CUST100013,Female,4549.93,80.3,0.74,1,Rural,4.01,4148.34,2614.902299,1,18245.2193,59.422
CUST100014,Female,19150.73,1321.89,5.77,1,Rural,4.65,16256.64,2828.763663,1,89050.8945,7627.3053
CUST100015,Female,11503.52,163.49,6.58,0,Suburban,4.33,6436.19,1517.614776,0,49810.2416,1075.7642
CUST100016,Female,18661.34,666.97,2.27,0,Urban,2.02,9956.3,5706.831804,0,37695.9068,1514.0219
CUST100017,Male,11545.75,126.11,5.65,1,Rural,2.33,7039.3,1736.203008,0,26901.5975,712.5215
CUST100018,Male,9639.15,113.89,8.59,1,Urban,3,7761.24,1005.12513,0,28917.45,978.3151
CUST100019,Male,6343.18,87.62,8.38,1,Suburban,1.06,5463.95,676.2452026,0,6723.7708,734.2556
CUST100020,Female,12166.78,127.88,9.29,1,Suburban,4.62,8912.86,1182.388727,1,56210.5236,1188.0052
CUST100021,Male,2870.04,359.43,3.79,1,Rural,1.18,4869.28,599.1732777,0,3386.6472,1362.2397
CUST100022,Female,17975.41,239.87,3.32,1,Urban,2.29,10091.57,4160.974537,0,41163.6889,796.3684
CUST100023,Female,16603.71,456.48,7.54,0,Urban,3.28,8759.66,1944.228337,0,54460.1688,3441.8592
CUST100024,Male,6418.88,70.48,4.42,0,Suburban,3.07,3899.88,1184.295203,0,19705.9616,311.5216
CUST100025,Male,19060.67,628.36,1.06,0,Urban,3.62,9703.93,9252.752427,0,68999.6254,666.0616
CUST100026,Male,16521.5,223.68,2.97,0,Rural,3.11,6825.76,4161.586902,0,51381.865,664.3296
CUST100027,Female,13359.51,151.17,4.3,0,Suburban,1.92,5562.9,2520.662264,0,25650.2592,650.031
CUST100028,Male,2523.06,281.67,3.07,0,Suburban,1.8,2961.09,619.9164619,0,4541.508,864.7269
CUST100029,Female,9616.86,224.82,3.46,1,Rural,4.63,8297.82,2156.246637,1,44526.0618,777.8772
CUST100030,Male,10171.54,131.38,3.08,0,Suburban,2.06,3970.16,2493.02451,0,20953.3724,404.6504
CUST100031,Female,4727.77,98.05,0.61,0,Urban,2.12,3257.56,2936.503106,0,10022.8724,59.8105
CUST100032,Female,1691.31,55.66,6.44,0,Urban,2.65,2029.44,227.3266129,0,4481.9715,358.4504
CUST100033,Male,15556.8,601.08,6.05,1,Suburban,1.56,11301.02,2206.638298,0,24268.608,3636.534
CUST100034,Female,2528.5,144.53,6.6,0,Rural,3.03,3499.39,332.6973684,0,7661.355,953.898
CUST100035,Female,11926.39,137.99,2.08,0,Suburban,3.66,6490.69,3872.204545,0,43650.5874,287.0192
CUST100036,Male,18735.34,314.04,3.1,0,Rural,4.14,8182.66,4569.595122,0,77564.3076,973.524
CUST100037,Female,17534.49,1430.62,6.27,1,Urban,3.85,15796.02,2411.896836,0,67507.7865,8969.9874
CUST100038,Male,5627.28,136.11,6.08,1,Urban,1.59,5433.01,794.8135593,0,8947.3752,827.5488
CUST100039,Female,17043.83,426.79,5.16,1,Urban,2.82,9946.01,2766.855519,0,48063.6006,2202.2364
CUST100040,Male,106.62,4.79,3.63,0,Suburban,1.15,914.85,23.02807775,0,122.613,17.3877
CUST100041,Male,451.99,9.75,9.15,1,Urban,1.07,3154.48,44.53103448,0,483.6293,89.2125
CUST100042,Female,12090.81,330.81,3.53,0,Urban,2.76,5804.18,2669.05298,0,33370.6356,1167.7593
CUST100043,Female,7359.48,196.4,4.67,0,Suburban,2.01,3706.61,1297.968254,0,14792.5548,917.188
CUST100044,Female,7790.57,103.59,6.85,0,Urban,3.73,5754.27,992.4292994,0,29058.8261,709.5915
CUST100045,Female,11332.38,432.37,5.52,0,Suburban,3.9,7310.98,1738.095092,0,44196.282,2386.6824
CUST100046,Female,3916.47,59.36,3.6,1,Urban,4.58,4866.6,851.4065217,1,17937.4326,213.696
CUST100047,Male,4313.93,72.86,4.47,0,Urban,4.04,3454.2,788.6526508,0,17428.2772,325.6842
CUST100048,Female,9743.57,165.23,7.99,0,Urban,1.19,4371.78,1083.823137,0,11594.8483,1320.1877
CUST100049,Male,15109.65,222.25,2.93,0,Rural,2.49,6765.05,3844.694656,0,37623.0285,651.1925
CUST100050,Male,12428.01,217.67,1.59,0,Urban,2.09,5743.58,4798.459459,0,25974.5409,346.0953
CUST100051,Female,6017.37,67.97,3.27,1,Urban,2.54,5750.04,1409.220141,0,15284.1198,222.2619
CUST100052,Male,8663.71,125.23,8.53,1,Urban,1.64,7192.29,909.0986359,0,14208.4844,1068.2119
CUST100053,Male,3496.23,61.38,1.07,1,Urban,1.39,2743.84,1689,0,4859.7597,65.6766
CUST100054,Male,1585.13,18.91,9.92,0,Rural,3.08,2990.68,145.1584249,0,4882.2004,187.5872
CUST100055,Male,15675.65,250.47,5.5,0,Urban,3.88,6763.3,2411.638462,0,60821.522,1377.585
CUST100056,Female,5381.21,164.77,9.85,0,Rural,3.81,5444.98,495.9640553,0,20502.4101,1622.9845
CUST100057,Male,3637.55,147.42,9.4,1,Urban,2.8,5331.71,349.7644231,0,10185.14,1385.748
CUST100058,Female,13863.2,711.99,4.64,1,Rural,3.09,11833.64,2458.014184,0,42837.288,3303.6336
CUST100059,Female,12399.23,137.09,2.15,1,Suburban,3.07,7288.98,3936.263492,0,38065.6361,294.7435
CUST100060,Male,12700.47,175.27,1.82,0,Suburban,3.77,6702.91,4503.712766,0,47880.7719,318.9914
CUST100061,Female,4655,49.49,2.55,0,Suburban,1.19,1948.25,1311.267606,0,5539.45,126.1995
CUST100062,Female,4729.65,75.9,7.16,0,Urban,3.84,3920.34,579.6139706,0,18161.856,543.444
CUST100063,Female,4493.97,89.93,2.87,1,Suburban,3.33,3770.84,1161.232558,0,14964.9201,258.0991
CUST100064,Male,3557.68,333.33,3.55,1,Urban,1.79,5702.49,781.9076923,0,6368.2472,1183.3215
CUST100065,Female,13148.9,191.1,4.6,1,Urban,1.2,8940.61,2348.017857,0,15778.68,879.06
CUST100066,Female,16975.52,281.47,9.15,1,Suburban,1.43,9707.89,1672.465025,0,24274.9936,2575.4505
CUST100067,Female,14513.92,146.5,2.06,0,Urban,3.1,6430.99,4743.111111,0,44993.152,301.79
CUST100068,Male,15862.66,572.24,0.25,0,Rural,4.03,8747.92,12690.128,0,63926.5198,143.06
CUST100069,Female,8155.49,147.16,0.79,0,Urban,2.34,3743.32,4556.139665,0,19083.8466,116.2564
CUST100070,Male,13116.11,196.23,9.07,0,Suburban,2.52,5981.43,1302.493545,0,33052.5972,1779.8061
CUST100071,Male,7149.3,107.94,6.55,0,Rural,4.74,4914.99,946.9271523,0,33887.682,707.007
CUST100072,Male,10557.54,181.02,2.88,1,Suburban,1.85,8214.89,2721.015464,0,19531.449,521.3376
CUST100073,Male,9684.53,122.89,1.94,1,Suburban,1.41,7139.71,3294.057823,0,13655.1873,238.4066
CUST100074,Male,3620.05,147.92,3.08,0,Suburban,2.37,2374.07,887.2671569,0,8579.5185,455.5936
CUST100075,Male,7802.87,105.54,1.33,0,Rural,3.98,4877.08,3348.871245,0,31055.4226,140.3682
CUST100076,Female,19280.06,301.84,9.43,0,Urban,3.5,9623.84,1848.519655,0,67480.21,2846.3512
CUST100077,Male,5046.75,56,7.89,1,Suburban,2.66,5632.54,567.6884139,0,13424.355,441.84
CUST100078,Female,2762.69,32.32,4.73,0,Urban,4.86,2532.65,482.1448517,0,13426.6734,152.8736
CUST100079,Female,8429.75,241.27,8.68,0,Urban,3.94,6668.96,870.8419421,0,33213.215,2094.2236
CUST100080,Male,15827.72,506.61,2.64,1,Urban,1.25,9479.5,4348.274725,0,19784.65,1337.4504
CUST100081,Female,11684.75,118.92,7.23,0,Urban,3.98,5761.04,1419.775213,0,46505.305,859.7916
CUST100082,Female,13651.4,247.8,8.59,0,Suburban,1.1,6489.53,1423.50365,0,15016.54,2128.602
CUST100083,Female,3874.93,42.53,3.7,1,Rural,3.6,5325.01,824.4531915,0,13949.748,157.361
CUST100084,Female,12417.07,603.69,7.62,1,Suburban,1.84,10117.15,1440.49536,0,22847.4088,4600.1178
CUST100085,Male,6537.66,98.95,3.09,1,Suburban,3.79,6373.85,1598.449878,0,24777.7314,305.7555
CUST100086,Female,16702.64,203.85,3.13,0,Urban,2.24,6723.51,4044.22276,0,37413.9136,638.0505
CUST100087,Male,12623.05,132.87,1.25,0,Urban,4.49,6726.44,5610.244444,0,56677.4945,166.0875
CUST100088,Female,4057.24,109.52,4.51,1,Urban,2.35,4983.44,736.3411978,0,9534.514,493.9352
CUST100089,Female,1385.87,18.76,7.35,0,Suburban,3.48,2482.36,165.9724551,0,4822.8276,137.886
CUST100090,Male,948.4,16.88,9.41,1,Urban,2.14,4661.83,91.10470701,0,2029.576,158.8408
CUST100091,Female,7491.03,696.21,6.12,1,Suburban,4.67,9844.64,1052.110955,1,34983.1101,4260.8052
CUST100092,Female,5390.44,76.41,8.66,1,Rural,4.12,7158.7,558.0165631,1,22208.6128,661.7106
CUST100093,Female,12957.19,183.64,8.26,0,Suburban,1.97,5803.2,1399.264579,0,25525.6643,1516.8664
CUST100094,Male,10036.74,107.45,1.9,0,Suburban,4.8,4845.35,3460.944828,0,48176.352,204.155
CUST100095,Female,5393.78,103.24,4.96,0,Suburban,2.43,3827.46,904.9966443,0,13106.8854,512.0704
CUST100096,Male,3069.83,114.23,1.35,1,Urban,3.61,4843.24,1306.310638,0,11082.0863,154.2105
CUST100097,Female,2631.28,284.97,6.89,0,Urban,3.97,4624.37,333.495564,0,10446.1816,1963.4433
CUST100098,Male,17306.74,389.04,9.51,0,Rural,1.09,8465.02,1646.692674,0,18864.3466,3699.7704
CUST100099,Male,4945.21,146.82,1.54,0,Suburban,4.84,3081.69,1946.933071,0,23934.8164,226.1028
CUST100100,Female,13069.04,169.06,7.39,0,Suburban,2.38,7069.78,1557.692491,0,31104.3152,1249.3534
CUST100101,Female,16232.65,419.93,6.4,0,Urban,1.76,7977.38,2193.601351,0,28569.464,2687.552
CUST100102,Male,12320.22,129.47,5.92,0,Suburban,4.4,5889.17,1780.378613,0,54208.968,766.4624
CUST100103,Male,17205.35,178.44,4.02,1,Urban,3.81,10361,3427.360558,0,65552.3835,717.3288
CUST100104,Female,7908.64,123.6,3.68,0,Urban,1.35,4773.51,1689.880342,0,10676.664,454.848
CUST100105,Male,19128.82,205.19,0.64,0,Urban,1.47,7367.96,11663.91463,0,28119.3654,131.3216
CUST100106,Female,2749.59,35.58,2.34,1,Urban,3.86,4930.44,823.2305389,0,10613.4174,83.2572
CUST100107,Female,2132.78,37.45,0.35,1,Urban,1.3,3733.28,1579.837037,0,2772.614,13.1075
CUST100108,Female,13207.97,596.86,5.9,0,Urban,4.67,9367.34,1914.198551,0,61681.2199,3521.474
CUST100109,Female,18862.34,388.38,1.24,0,Suburban,3.97,8908.86,8420.6875,0,74883.4898,481.5912
CUST100110,Male,16196.78,277.9,8.76,1,Suburban,2.34,10501.88,1659.506148,0,37900.4652,2434.404
CUST100111,Female,1620.7,18.61,5.33,0,Suburban,2.45,2801.35,256.0347551,0,3970.715,99.1913
CUST100112,Male,5659.42,111.57,7.06,0,Urban,3.03,4363.01,702.1612903,0,17148.0426,787.6842
CUST100113,Female,18613.35,206.18,4.23,0,Rural,2.44,7670.01,3558.957935,0,45416.574,872.1414
CUST100114,Male,5135.86,74.36,5.69,0,Urban,4.13,4666.1,767.6920777,0,21211.1018,423.1084
CUST100115,Female,15645.29,868.46,9.44,0,Urban,4.9,11591.04,1498.590996,0,76661.921,8198.2624
CUST100116,Male,16520.13,165.99,1.01,1,Suburban,3.34,8532.83,8218.970149,0,55177.2342,167.6499
CUST100117,Male,9959.5,180.8,2.69,1,Urban,2.78,7000.1,2699.051491,0,27687.41,486.352
CUST100118,Female,7788.34,184.44,7.84,0,Suburban,1.89,4930.5,881.0339367,0,14719.9626,1446.0096
CUST100119,Female,9057.48,133.96,1.17,0,Suburban,3.61,4099.1,4173.953917,0,32697.5028,156.7332
CUST100120,Female,4616.6,300.86,0.94,1,Rural,3.74,6574.99,2379.690722,0,17266.084,282.8084
CUST100121,Female,17798.88,271.86,3.74,0,Rural,3.74,9911.56,3755.037975,0,66567.8112,1016.7564
CUST100122,Male,9067.33,173.26,1.1,0,Rural,1.11,4587.67,4317.77619,0,10064.7363,190.586
CUST100123,Female,17660.94,404.75,5.93,1,Urban,4.6,11561.46,2548.47619,1,81240.324,2400.1675
CUST100124,Male,2203.3,23.06,2.42,1,Rural,2.35,3532.38,644.2397661,0,5177.755,55.8052
CUST100125,Male,19766.68,361.75,8.98,0,Urban,3.98,9697.21,1980.629259,0,78671.3864,3248.515
CUST100126,Female,8921.13,345.56,7.88,1,Suburban,4.04,8938.46,1004.631757,1,36041.3652,2723.0128
CUST100127,Male,1051.83,21.64,7.06,0,Suburban,3.6,3063.9,130.5,0,3786.588,152.7784
CUST100128,Male,856.63,9.28,6.25,0,Urban,2.58,1478.1,118.1558621,0,2210.1054,58
CUST100129,Male,14949.52,688,8.66,0,Suburban,3.43,10966.99,1547.569358,0,51276.8536,5958.08
CUST100130,Male,13214.81,521.79,2.39,1,Urban,1.16,8405.4,3898.174041,0,15329.1796,1247.0781
CUST100131,Female,16062.4,2575.01,8.76,1,Urban,4.05,21741.02,1645.737705,1,65052.72,22557.0876
CUST100132,Female,2196.81,346.06,7.94,1,Rural,1.4,5312.49,245.7281879,0,3075.534,2747.7164
CUST100133,Female,807.86,9.64,7.53,0,Urban,2.59,1963.87,94.7080891,0,2092.3574,72.5892
CUST100134,Female,10220.73,137.1,5.7,0,Urban,1.41,4391.29,1525.48209,0,14411.2293,781.47
CUST100135,Male,7813.15,201.74,2.61,0,Urban,4.35,5279.88,2164.307479,0,33987.2025,526.5414
CUST100136,Male,9292.74,130.26,4.35,0,Rural,3.2,4830.24,1736.960748,0,29736.768,566.631
CUST100137,Female,19832.61,466.16,7.98,0,Urban,3.76,11105.53,2208.53118,0,74570.6136,3719.9568
CUST100138,Female,19417.92,203.28,0.51,1,Urban,3.73,10962.16,12859.54967,0,72428.8416,103.6728
CUST100139,Female,18852.08,194.61,7.86,1,Rural,4.37,10487.4,2127.774266,1,82383.5896,1529.6346
CUST100140,Male,15698.47,370.99,2.55,0,Urban,1.53,6446.01,4422.104225,0,24018.6591,946.0245
CUST100141,Female,7161.34,83.13,1.61,0,Urban,3.64,4237.88,2743.808429,0,26067.2776,133.8393
CUST100142,Female,8301.41,105.83,1.33,0,Suburban,3.3,4179.37,3562.83691,0,27394.653,140.7539
CUST100143,Female,11037.36,320.39,0.47,1,Suburban,1.12,7744.76,7508.408163,0,12361.8432,150.5833
CUST100144,Male,16627.64,614.84,5.33,1,Rural,1.81,11511.97,2626.799368,0,30096.0284,3277.0972
CUST100145,Male,1467.39,30.24,2.34,1,Urban,2.07,4520.18,439.3383234,0,3037.4973,70.7616
CUST100146,Male,8543.51,107.83,9.9,0,Rural,1.29,4866.69,783.8082569,0,11021.1279,1067.517
CUST100147,Male,1744.09,18.13,5.83,0,Rural,2.42,2280.59,255.3572474,0,4220.6978,105.6979
CUST100148,Male,10341.69,133.37,1.55,1,Urban,1.11,6283.31,4055.564706,0,11479.2759,206.7235
CUST100149,Male,17988.13,208.57,6.95,1,Urban,3.21,10802.03,2262.657862,0,57741.8973,1449.5615
CUST100150,Male,15671.45,251.58,9,0,Rural,1.85,6901.61,1567.145,0,28992.1825,2264.22
CUST100151,Male,4634.06,54.93,7.5,0,Urban,2.15,3488.1,545.1835294,0,9963.229,411.975
CUST100152,Female,19522.22,245.5,0.95,0,Suburban,4.64,8613.46,10011.39487,0,90583.1008,233.225
CUST100153,Female,13380.27,327.84,8.98,1,Suburban,3.01,9225.31,1340.708417,0,40274.6127,2944.0032
CUST100154,Male,307.51,5.35,7.98,1,Suburban,2.08,2951.01,34.24387528,0,639.6208,42.693
CUST100155,Male,5182.73,63.63,1.75,1,Rural,3.39,4907.07,1884.629091,0,17569.4547,111.3525
CUST100156,Female,5288.19,564.05,0.71,0,Urban,1.81,4765.35,3092.508772,0,9571.6239,400.4755
CUST100157,Male,1478.16,18.08,5.66,0,Urban,1.3,2491.29,221.9459459,0,1921.608,102.3328
CUST100158,Male,19200.55,876.76,1.73,0,Rural,1.08,10299.41,7033.168498,0,20736.594,1516.7948
CUST100159,Male,9617.28,178.44,8.38,1,Rural,4.81,9028.39,1025.296375,1,46259.1168,1495.3272
CUST100160,Female,17926.71,219.19,3.71,0,Suburban,3.9,8662.7,3806.095541,0,69914.169,813.1949
CUST100161,Female,6512.09,223.68,9.15,1,Rural,4.2,7487.42,641.5852217,1,27350.778,2046.672
CUST100162,Female,2592.15,91.43,5.74,0,Suburban,4.92,4175.81,384.5919881,0,12753.378,524.8082
CUST100163,Female,9539.29,220.5,1.99,1,Urban,4.73,8152.05,3190.397993,1,45120.8417,438.795
CUST100164,Female,2367.74,26.31,1.57,1,Rural,3.95,3992.69,921.2996109,0,9352.573,41.3067
CUST100165,Male,9771.71,1938.04,5.85,0,Urban,3.78,14395.89,1426.527007,0,36937.0638,11337.534
CUST100166,Female,18413.91,203.17,7.67,1,Urban,2.35,9929.2,2123.865052,0,43272.6885,1558.3139
CUST100167,Male,10463.29,533.52,7.86,0,Urban,1.42,6891.93,1180.958239,0,14857.8718,4193.4672
CUST100168,Male,12368.34,124.86,2.9,0,Suburban,3.29,5912.86,3171.369231,0,40691.8386,362.094
CUST100169,Female,3217.1,33.61,2.2,0,Rural,3.31,1924.76,1005.34375,0,10648.601,73.942
CUST100170,Female,970.34,18.66,0.36,1,Urban,4.81,4862.89,713.4852941,1,4667.3354,6.7176
CUST100171,Male,2305.08,42.92,6.86,1,Urban,2.77,5084.65,293.2671756,0,6385.0716,294.4312
CUST100172,Male,12010.78,236.68,0.95,0,Suburban,3.76,7368.36,6159.374359,0,45160.5328,224.846
CUST100173,Male,1990.73,30.45,4.32,1,Rural,3.3,4325.62,374.1973684,0,6569.409,131.544
CUST100174,Female,7582.26,556.76,6.1,1,Suburban,1.71,8372.24,1067.923944,0,12965.6646,3396.236
CUST100175,Female,11046.83,1364.02,9.38,1,Suburban,3.37,14586.9,1064.241811,0,37227.8171,12794.5076
CUST100176,Female,7834.19,747.41,3.26,0,Suburban,3.16,6929.58,1839.011737,0,24756.0404,2436.5566
CUST100177,Female,3357.31,71.11,2.65,0,Urban,2.98,2823.55,919.8109589,0,10004.7838,188.4415
CUST100178,Female,5548.45,177.97,6.61,1,Urban,3.05,6202.91,729.0998686,0,16922.7725,1176.3817
CUST100179,Male,18573.52,289.79,6.27,0,Urban,1.66,8039.74,2554.817056,0,30832.0432,1816.9833
CUST100180,Female,13552.05,136.5,3.45,0,Rural,2.85,6477.92,3045.404494,0,38623.3425,470.925
CUST100181,Male,9971.35,239.12,9.3,1,Urban,3.42,6972.21,968.092233,0,34102.017,2223.816
CUST100182,Male,353.03,5.93,8.48,0,Suburban,2.96,2105.62,37.23945148,0,1044.9688,50.2864
CUST100183,Male,19849.07,446.22,2.4,1,Urban,2.95,11307.25,5837.961765,0,58554.7565,1070.928
CUST100184,Female,13461.95,157.47,2.54,0,Urban,1.31,6057.31,3802.810734,0,17635.1545,399.9738
CUST100185,Female,6406.76,70.63,5.22,1,Urban,1.76,6293.31,1030.025723,0,11275.8976,368.6886
CUST100186,Female,17597.45,199.18,7.78,0,Urban,2.28,7196.96,2004.265376,0,40122.186,1549.6204
CUST100187,Male,5242.79,53.74,0.63,0,Urban,2.68,2742.73,3216.435583,0,14050.6772,33.8562
CUST100188,Male,10925.93,1434.92,6.99,0,Suburban,3.38,12313.47,1367.450563,0,36929.6434,10030.0908
CUST100189,Male,12757.81,150.48,6.55,1,Urban,4.45,7171.83,1689.776159,1,56772.2545,985.644
CUST100190,Male,4499.16,58.88,2.47,1,Suburban,1.64,4442.02,1296.587896,0,7378.6224,145.4336
CUST100191,Male,19570.11,732.25,6.88,0,Urban,1.06,10555.26,2483.516497,0,20744.3166,5037.88
CUST100192,Male,14989.02,156.38,9.41,0,Suburban,2.8,6316.74,1439.867435,0,41969.256,1471.5358
CUST100193,Female,11200.48,587.12,0.66,1,Suburban,2.73,9234.5,6747.277108,0,30577.3104,387.4992
CUST100194,Female,3693.83,53.1,3.33,0,Rural,3.21,2066.99,853.0785219,0,11857.1943,176.823
CUST100195,Female,1171.78,44.45,4.49,1,Urban,4.33,3874.36,213.43898,1,5073.8074,199.5805
CUST100196,Female,6469.19,140.69,9.01,0,Urban,4.21,5420.77,646.2727273,0,27235.2899,1267.6169
CUST100197,Male,15088.43,205.79,9.63,1,Rural,1.4,9784.1,1419.419567,0,21123.802,1981.7577
CUST100198,Male,5459.69,93.3,4.55,1,Urban,4.74,6136.49,983.7279279,1,25878.9306,424.515
CUST100199,Female,10837.17,237.59,7.55,1,Rural,1.44,8268.48,1267.505263,0,15605.5248,1793.8045
CUST100200,Male,14586.15,405.15,5.41,1,Urban,3.54,9686.62,2275.530421,0,51634.971,2191.8615
CUST100201,Female,2248.08,26.52,5.47,0,Suburban,3.69,2427.47,347.4621329,0,8295.4152,145.0644
CUST100202,Female,13737.43,736.1,2.93,0,Urban,3.72,10821.03,3495.529262,0,51103.2396,2156.773
CUST100203,Female,1928.23,42.05,2.33,1,Rural,2.06,3326.44,579.048048,0,3972.1538,97.9765
CUST100204,Male,19306.08,212.49,3.02,0,Suburban,2.32,7481.9,4802.507463,0,44790.1056,641.7198
CUST100205,Female,9819.04,115.04,5.65,1,Urban,3.19,7775.9,1476.547368,0,31322.7376,649.976
CUST100206,Female,3098.45,71.91,0.49,1,Urban,1.8,4143.35,2079.496644,0,5577.21,35.2359
CUST100207,Female,6913.43,89.21,9.09,0,Urban,1.08,3218.33,685.1764123,0,7466.5044,810.9189
CUST100208,Male,8326.99,100.08,1.73,0,Suburban,3.25,3619.66,3050.179487,0,27062.7175,173.1384
CUST100209,Male,15187.88,169.8,2.36,0,Urban,2.86,6772.37,4520.202381,0,43437.3368,400.728
CUST100210,Female,14894.13,262.55,5.28,0,Urban,3.63,7754.78,2371.676752,0,54065.6919,1386.264
CUST100211,Male,12277.62,502.69,7.16,0,Suburban,1.59,7502,1504.610294,0,19521.4158,3599.2604
CUST100212,Male,2208.02,75.48,1.14,0,Urban,4.36,2188.08,1031.785047,0,9626.9672,86.0472
CUST100213,Male,3116.23,94.17,3.31,0,Urban,1.58,1979.24,723.0232019,0,4923.6434,311.7027
CUST100214,Male,1965.76,32.01,9.69,0,Urban,4.57,2783.74,183.8877456,0,8983.5232,310.1769
CUST100215,Male,11585.74,1427.36,2.77,0,Suburban,2.8,11995.74,3073.140584,0,32440.072,3953.7872
CUST100216,Male,17555.05,268.33,3.27,0,Rural,3.2,7534.94,4111.252927,0,56176.16,877.4391
CUST100217,Male,8732.63,220.44,8.4,0,Urban,4.59,6288,929.0031915,0,40082.7717,1851.696
CUST100218,Male,3300.88,99.88,0.69,1,Suburban,2.2,5865.78,1953.183432,0,7261.936,68.9172
CUST100219,Male,11205.04,126.54,4.75,0,Urban,1.73,4441.85,1948.702609,0,19384.7192,601.065
CUST100220,Male,16253.87,333.75,3.92,0,Urban,2.78,7817.28,3303.632114,0,45185.7586,1308.3
CUST100221,Female,14860.07,1059.16,3.3,1,Suburban,1.98,13028.89,3455.830233,0,29422.9386,3495.228
CUST100222,Female,17640.87,211.16,3,1,Urban,3.11,8757.93,4410.2175,0,54863.1057,633.48
CUST100223,Male,5630.25,591.05,1.1,0,Suburban,2.1,5387.91,2681.071429,0,11823.525,650.155
CUST100224,Female,3959.68,53.48,3.29,0,Rural,4.46,3364.65,923.002331,0,17660.1728,175.9492
CUST100225,Female,17608.35,224.25,0.62,0,Rural,3.43,7531.92,10869.35185,0,60396.6405,139.035
CUST100226,Male,13185.45,342.5,7.85,0,Urban,1,7412.49,1489.881356,0,13185.45,2688.625
CUST100227,Male,6287.49,75.43,4.1,1,Urban,4.22,5475.33,1232.841176,1,26533.2078,309.263
CUST100228,Male,14872.73,275.48,4.55,1,Rural,2.32,9029.15,2679.771171,0,34504.7336,1253.434
CUST100229,Female,16320.86,332.99,8.96,1,Urban,2.28,9770.77,1638.640562,0,37211.5608,2983.5904
CUST100230,Female,12338.07,1324.78,6.65,0,Suburban,2.53,11387.9,1612.819608,0,31215.3171,8809.787
CUST100231,Male,13788.89,423.59,0.28,1,Urban,3.52,8424.82,10772.57031,0,48536.8928,118.6052
CUST100232,Male,7567.67,80.98,9.44,0,Urban,2.77,4815.47,724.8726054,0,20962.4459,764.4512
CUST100233,Male,10820.04,256.26,2.52,0,Urban,3.51,5120.68,3073.875,0,37978.3404,645.7752
CUST100234,Female,10530.77,184.96,1.25,0,Rural,1.59,4381.65,4680.342222,0,16743.9243,231.2
CUST100235,Female,16976.15,305.64,7.73,0,Rural,4.88,8744.32,1944.576174,0,82843.612,2362.5972
CUST100236,Female,16815.28,275.25,5.1,0,Urban,3.92,8537.41,2756.603279,0,65915.8976,1403.775
CUST100237,Female,16670.34,1539.78,4.45,1,Rural,2,16178.13,3058.777982,0,33340.68,6852.021
CUST100238,Male,319.53,8.11,2.65,0,Urban,3.9,1963.21,87.54246575,0,1246.167,21.4915
CUST100239,Male,15015.96,203.75,5.57,0,Urban,3.3,6602.92,2285.534247,0,49552.668,1134.8875
CUST100240,Male,15197.66,631.83,2.89,0,Suburban,1.44,8658.85,3906.85347,0,21884.6304,1825.9887
CUST100241,Male,13599.74,558.74,9.04,0,Suburban,1.71,8768.52,1354.555777,0,23255.5554,5051.0096
CUST100242,Female,15149.67,2542.48,2.31,1,Urban,1.17,21017.06,4576.939577,0,17725.1139,5873.1288
CUST100243,Female,16855.21,362,8.87,1,Urban,4.24,10731.24,1707.721378,1,71466.0904,3210.94
CUST100244,Male,9459.35,106.45,5.68,1,Rural,3.21,6249.85,1416.070359,0,30364.5135,604.636
CUST100245,Male,10090.8,1016.13,8.32,0,Rural,2.27,10762.63,1082.703863,0,22906.116,8454.2016
CUST100246,Female,2581.81,111.5,7.19,1,Rural,1.51,5389.82,315.2393162,0,3898.5331,801.685
CUST100247,Male,7768.98,225.46,7.03,1,Urban,2.94,7456.63,967.494396,0,22840.8012,1584.9838
CUST100248,Female,12902.97,173.16,3.38,0,Suburban,3.1,6195.49,2945.883562,0,39999.207,585.2808
CUST100249,Male,15629.96,237.32,2.49,0,Urban,3.81,7374.32,4478.498567,0,59550.1476,590.9268
CUST100250,Male,4422.46,99.35,2.27,1,Rural,4.88,5588.48,1352.434251,1,21581.6048,225.5245
CUST100251,Male,2842.68,36.86,8.6,0,Urban,2.74,2459.52,296.1125,0,7788.9432,316.996
CUST100252,Male,13294.54,211.31,8.24,0,Urban,2.62,6942.31,1438.80303,0,34831.6948,1741.1944
CUST100253,Male,137.41,1.52,4.52,0,Urban,2.48,873.71,24.89311594,0,340.7768,6.8704
CUST100254,Male,3649.61,44.12,1.5,0,Rural,4.31,3069.85,1459.844,0,15729.8191,66.18
CUST100255,Male,678.52,23.38,3.95,0,Suburban,1.63,1172.67,137.0747475,0,1105.9876,92.351
CUST100256,Female,3421.01,111.12,6.27,0,Urban,2.38,2442.03,470.565337,0,8142.0038,696.7224
CUST100257,Female,3708.25,219.31,4.65,1,Suburban,3.9,6391.71,656.3274336,0,14462.175,1019.7915
CUST100258,Female,7814.7,211.14,7.85,0,Rural,1.06,4706.32,883.0169492,0,8283.582,1657.449
CUST100259,Female,8106.31,81.1,9.98,1,Urban,2.16,7255.92,738.2795993,0,17509.6296,809.378
CUST100260,Female,17497.82,401.82,2.07,0,Rural,3.57,7914.3,5699.615635,0,62467.2174,831.7674
CUST100261,Male,10251.18,395.09,4.7,1,Rural,1.74,7459.07,1798.452632,0,17837.0532,1856.923
CUST100262,Male,14495.75,187.2,4.42,1,Urban,2.21,8427.12,2674.49262,0,32035.6075,827.424
CUST100263,Female,2172.33,38.42,3.18,1,Urban,2.94,4223.43,519.6961722,0,6386.6502,122.1756
CUST100264,Male,4586.23,238.72,2.14,1,Urban,2.69,5323.62,1460.582803,0,12336.9587,510.8608
CUST100265,Female,14088.57,342.24,0.84,1,Urban,1.42,9110.02,7656.831522,0,20005.7694,287.4816
CUST100266,Female,1150.8,25.93,8.89,1,Urban,4.75,4776.94,116.3599596,1,5466.3,230.5177
CUST100267,Male,9783.29,127.7,4.31,0,Suburban,1.18,4638.76,1842.427495,0,11544.2822,550.387
CUST100268,Male,12027.44,1727.14,5.07,0,Suburban,4,14424.71,1981.456343,0,48109.76,8756.5998
CUST100269,Male,12082.7,395.42,9.19,1,Urban,1.29,8795.94,1185.740922,0,15586.683,3633.9098
CUST100270,Female,556.36,10.27,7.81,0,Suburban,2.87,1889.89,63.15096481,0,1596.7532,80.2087
CUST100271,Male,6509.95,213.16,1.48,1,Suburban,1.7,6746.86,2624.979839,0,11066.915,315.4768
CUST100272,Female,12766.16,197.31,5.74,1,Rural,1.56,7654.52,1894.089021,0,19915.2096,1132.5594
CUST100273,Female,3065.09,60.36,4.53,0,Urban,1.5,3205.5,554.2658228,0,4597.635,273.4308
CUST100274,Female,13938.77,354.11,8.01,1,Suburban,2.81,10872.4,1547.033296,0,39167.9437,2836.4211
CUST100275,Male,14943.91,157.02,7.3,0,Rural,3.06,6810.06,1800.471084,0,45728.3646,1146.246
CUST100276,Male,19641.19,301.92,6.97,0,Suburban,1.53,8634.36,2464.390213,0,30051.0207,2104.3824
CUST100277,Female,4275.86,246.53,3.54,0,Urban,4.92,4240.92,941.8193833,0,21037.2312,872.7162
CUST100278,Male,16520.1,283.81,8.09,0,Urban,2.03,8122.13,1817.392739,0,33535.803,2296.0229
CUST100279,Male,10453.9,132.04,0.71,0,Rural,2.84,6048.34,6113.391813,0,29689.076,93.7484
CUST100280,Male,7531.91,104.17,1.76,0,Urban,1.87,2945.9,2728.952899,0,14084.6717,183.3392
CUST100281,Female,2535.3,118.76,3.49,0,Rural,2.98,3271.97,564.6547884,0,7555.194,414.4724
CUST100282,Female,14736.56,151.33,0.95,1,Rural,4.02,8901.56,7557.210256,1,59240.9712,143.7635
CUST100283,Male,4793.57,100.63,2.5,1,Urban,3.08,4015.13,1369.591429,0,14764.1956,251.575
CUST100284,Female,7491.3,372.56,8.34,0,Suburban,2.14,5079.46,802.0663812,0,16031.382,3107.1504
CUST100285,Male,1344.59,60.79,9.49,0,Urban,1.99,1926.06,128.178265,0,2675.7341,576.8971
CUST100286,Male,16047.2,1119.65,3.19,1,Urban,4.04,14615.42,3829.880668,1,64830.688,3571.6835
CUST100287,Male,15355.11,188.79,2.79,1,Suburban,1.47,9020.96,4051.480211,0,22572.0117,526.7241
CUST100288,Male,14698.96,885.86,2.94,0,Suburban,2.48,9476.3,3730.700508,0,36453.4208,2604.4284
CUST100289,Female,6058.93,358.79,2.92,0,Urban,1.61,5221.23,1545.645408,0,9754.8773,1047.6668
CUST100290,Female,3552.25,41.4,0.55,1,Rural,2.03,4593.64,2291.774194,0,7211.0675,22.77
CUST100291,Female,12787.31,338.85,9.28,1,Urban,1.61,9055.64,1243.901751,0,20587.5691,3144.528
CUST100292,Male,9973.71,1257.48,2.29,0,Urban,4.55,11030.89,3031.522796,0,45380.3805,2879.6292
CUST100293,Male,3647.22,367.29,4.32,0,Urban,3.93,4947.84,685.5676692,0,14333.5746,1586.6928
CUST100294,Male,13749.63,742.97,0.29,0,Urban,3.24,9876.5,10658.62791,0,44548.8012,215.4613
CUST100295,Female,19823.42,784.39,8.61,1,Rural,1.9,12742.04,2062.790843,0,37664.498,6753.5979
CUST100296,Male,14969.67,219.53,7.37,0,Suburban,3.04,7446.19,1788.491039,0,45507.7968,1617.9361
CUST100297,Female,14825.73,743.29,9.48,0,Suburban,3.08,10037.92,1414.668893,0,45663.2484,7046.3892
CUST100298,Female,19011.22,1166.83,7.86,0,Suburban,3.36,13502.14,2145.735892,0,63877.6992,9171.2838
CUST100299,Female,4138.43,53.3,3.27,1,Urban,1.24,4284.77,969.1873536,0,5131.6532,174.291
CUST100300,Female,11354.44,165.15,2.63,1,Urban,4.89,8382.47,3127.944904,1,55523.2116,434.3445
CUST100301,Female,19594.97,422.71,7.04,1,Suburban,2.86,10958.74,2437.185323,0,56041.6142,2975.8784
CUST100302,Female,3389.35,59.27,3.77,1,Rural,4.71,5512.47,710.5555556,1,15963.8385,223.4479
CUST100303,Male,14035.01,405.19,5.75,0,Rural,1.04,7158.89,2079.260741,0,14596.4104,2329.8425
CUST100304,Male,11757.62,231.28,0.26,1,Urban,1.99,7810.01,9331.444444,0,23397.6638,60.1328
CUST100305,Female,11770.93,221.53,0.81,0,Urban,1.42,5240.96,6503.276243,0,16714.7206,179.4393
CUST100306,Female,13983.65,334.64,5.45,1,Urban,4.08,9723.24,2168.007752,1,57053.292,1823.788
CUST100307,Male,18599.38,204.11,5.75,0,Urban,2.28,7868.63,2755.463704,0,42406.5864,1173.6325
CUST100308,Female,15673.38,2401.73,7.56,0,Urban,4.36,18715.49,1831.002336,0,68335.9368,18157.0788
CUST100309,Female,1217.11,15.35,1.49,0,Suburban,4.33,1606.17,488.7991968,0,5270.0863,22.8715
CUST100310,Male,17069.29,1015.04,5.23,1,Urban,3.67,13926.36,2739.853933,0,62644.2943,5308.6592
CUST100311,Female,4588.27,56.81,2.11,1,Suburban,3.66,5382.08,1475.327974,0,16793.0682,119.8691
CUST100312,Female,7600.59,119.67,1.11,0,Suburban,3.8,4155.46,3602.175355,0,28882.242,132.8337
CUST100313,Female,9288.48,109.13,4.22,0,Urban,3.7,5098.48,1779.402299,0,34367.376,460.5286
CUST100314,Male,9670.03,677.94,1.8,1,Suburban,2.55,9876.15,3453.582143,0,24658.5765,1220.292
CUST100315,Male,8760.09,150.77,2.37,0,Urban,3.73,4912.67,2599.433234,0,32675.1357,357.3249
CUST100316,Male,18753.33,356.5,3.31,1,Suburban,4.59,11048.79,4351.12065,1,86077.7847,1180.015
CUST100317,Female,14149.78,196.28,2.74,1,Rural,2.33,8075.01,3783.363636,0,32968.9874,537.8072
CUST100318,Female,12660.3,227.06,1.06,0,Suburban,4.78,7070.69,6145.776699,0,60516.234,240.6836
CUST100319,Male,1091.86,19.37,1.08,0,Rural,1.05,-19.56,524.9326923,0,1146.453,20.9196
CUST100320,Female,18087.88,394.83,2.09,0,Urban,2.4,7188.09,5853.682848,0,43410.912,825.1947
CUST100321,Female,18196.86,529.91,0.7,0,Suburban,1.53,9650.22,10704.03529,0,27841.1958,370.937
CUST100322,Female,15626.24,307.51,6.34,0,Suburban,1.51,7256.16,2128.915531,0,23595.6224,1949.6134
CUST100323,Female,239.88,14.76,3.02,0,Suburban,4.26,1880.38,59.67164179,0,1021.8888,44.5752
CUST100324,Female,1239.88,12.87,2.94,0,Rural,4.67,1778.27,314.6903553,0,5790.2396,37.8378
CUST100325,Male,4581.95,62.88,3.45,1,Suburban,4.11,6438.11,1029.651685,1,18831.8145,216.936
CUST100326,Female,2713.85,28.42,6.7,1,Suburban,4.91,5433,352.4480519,1,13325.0035,190.414
CUST100327,Male,8036.84,302.83,8.73,0,Urban,1.87,6053.9,825.9856115,0,15028.8908,2643.7059
CUST100328,Female,18460.2,208.5,7.64,0,Urban,1.56,7748.99,2136.597222,0,28797.912,1592.94
CUST100329,Male,9494,116.01,7.33,0,Suburban,3.08,4989.68,1139.735894,0,29241.52,850.3533
CUST100330,Female,366.71,5.29,4.95,0,Suburban,4.32,1202,61.63193277,0,1584.1872,26.1855
CUST100331,Male,5726.64,88.95,7,1,Rural,1.16,5983.59,715.83,0,6642.9024,622.65
CUST100332,Female,987.44,28.15,5.62,0,Urban,4.98,2469.69,149.1601208,0,4917.4512,158.203
CUST100333,Male,822.12,9.96,2.32,1,Urban,3.41,3805.28,247.626506,0,2803.4292,23.1072
CUST100334,Female,5586.83,106.12,2.24,0,Suburban,4.92,3655.34,1724.330247,0,27487.2036,237.7088
CUST100335,Male,5584.69,475.91,3.1,1,Rural,2.46,7887.69,1362.119512,0,13738.3374,1475.321
CUST100336,Female,15763.82,454,9.13,0,Rural,2.83,9069.08,1556.152024,0,44611.6106,4145.02
CUST100337,Male,19499.21,207.76,5.56,1,Urban,4.01,10948.01,2972.440549,1,78191.8321,1155.1456
CUST100338,Male,7487.02,87.25,7.39,1,Urban,4.17,6361.86,892.3742551,1,31220.8734,644.7775
CUST100339,Female,8634.85,87.86,3.6,1,Urban,1.93,5456.04,1877.141304,0,16665.2605,316.296
CUST100340,Female,16911.31,261.54,4.2,1,Urban,4.72,10256.31,3252.175,1,79821.3832,1098.468
CUST100341,Male,5435.97,190.65,1.43,0,Rural,4.47,4109.43,2237.024691,0,24298.7859,272.6295
CUST100342,Female,3212,156.93,1.88,1,Urban,1.07,4229.55,1115.277778,0,3436.84,295.0284
CUST100343,Male,17076.48,750.39,8.31,0,Urban,1.51,9979.73,1834.208378,0,25785.4848,6235.7409
CUST100344,Male,1025.36,149.02,5.93,0,Urban,2.98,2776.48,147.959596,0,3055.5728,883.6886
CUST100345,Male,12432.02,295.19,3.51,0,Urban,2.84,6774.66,2756.545455,0,35306.9368,1036.1169
CUST100346,Female,11283.66,486.67,8.07,1,Rural,3.83,8971.78,1244.063947,0,43216.4178,3927.4269
CUST100347,Male,6983.82,158.34,2.62,1,Urban,1.36,4671.75,1929.232044,0,9497.9952,414.8508
CUST100348,Male,6372.27,67.92,9.77,1,Urban,3.58,7092.71,591.6685237,0,22812.7266,663.5784
CUST100349,Female,15459.97,336.81,3.58,1,Rural,3.47,9773.98,3375.539301,0,53646.0959,1205.7798
CUST100350,Female,1819.85,20.58,3.51,0,Urban,1.93,1225.55,403.5144124,0,3512.3105,72.2358
CUST100351,Female,4812.01,76.96,3.26,1,Suburban,3.17,4971.46,1129.579812,0,15254.0717,250.8896
CUST100352,Female,14675.73,515.34,1.4,1,Urban,1.89,9450.95,6114.8875,0,27737.1297,721.476
CUST100353,Male,11011.58,283.76,1.29,0,Suburban,1.59,5264.7,4808.550218,0,17508.4122,366.0504
CUST100354,Male,2646.97,204.05,6.55,0,Urban,3.29,3925.48,350.592053,0,8708.5313,1336.5275
CUST100355,Male,17654.5,481.33,8.78,1,Urban,4.91,11815.93,1805.163599,1,86683.595,4226.0774
CUST100356,Male,7929.61,114.31,7.95,1,Suburban,1.95,5373.3,885.9899441,0,15462.7395,908.7645
CUST100357,Female,16574.58,1398.63,1.58,1,Urban,2.42,14218.03,6424.255814,0,40110.4836,2209.8354
CUST100358,Male,15775.49,643.55,5.55,1,Suburban,2.03,11201.81,2408.471756,0,32024.2447,3571.7025
CUST100359,Male,12526.07,303.76,1.23,1,Urban,2.07,8199.98,5617.071749,0,25928.9649,373.6248
CUST100360,Female,9940.17,101.13,0.64,1,Suburban,2.62,6433.31,6061.079268,0,26043.2454,64.7232
CUST100361,Male,19593.06,246.26,6.63,1,Rural,3.81,12058.89,2567.897772,0,74649.5586,1632.7038
CUST100362,Male,2984.8,39.97,5.44,1,Urban,1.16,4547.94,463.4782609,0,3462.368,217.4368
CUST100363,Male,14530.6,906,1,0,Urban,4.83,11061.77,7265.3,0,70182.798,906
CUST100364,Male,3904.69,49.3,0.54,1,Rural,1.19,4898.61,2535.512987,0,4646.5811,26.622
CUST100365,Male,6831.44,85.82,9.9,0,Suburban,4.53,4826.13,626.7376147,0,30946.4232,849.618
CUST100366,Male,6243.1,100.53,0.49,1,Urban,4.58,6604.87,4190,1,28593.398,49.2597
CUST100367,Female,18946.02,191.21,4.56,0,Urban,3.1,8193.73,3407.557554,0,58732.662,871.9176
CUST100368,Female,19350.39,539.02,5.15,0,Urban,1.55,9580.56,3146.404878,0,29993.1045,2775.953
CUST100369,Male,3742.01,39.63,1.35,0,Urban,3.26,2555.29,1592.344681,0,12198.9526,53.5005
CUST100370,Male,538.5,5.86,1.86,1,Rural,3.51,3456.6,188.2867133,0,1890.135,10.8996
CUST100371,Female,14428.16,2368.9,3.65,0,Suburban,4.43,18340.9,3102.830108,0,63916.7488,8646.485
CUST100372,Male,8418,176.25,7.66,0,Suburban,3.2,5253.69,972.0554273,0,26937.6,1350.075
CUST100373,Male,1867.92,19.09,5.17,0,Urban,2.64,1970.05,302.7423015,0,4931.3088,98.6953
CUST100374,Male,13706.71,926.35,6.45,0,Urban,4.35,10392.22,1839.826846,0,59624.1885,5974.9575
CUST100375,Female,10947.6,191.93,9.85,0,Rural,4.92,7692.31,1008.995392,0,53862.192,1890.5105
CUST100376,Male,19612.28,200.12,7.73,0,Urban,3.58,8076.19,2246.538373,0,70211.9624,1546.9276
CUST100377,Female,4625.45,80.06,4.46,0,Urban,4.5,3919.38,847.1520147,0,20814.525,357.0676
CUST100378,Male,8139.16,353.38,4.58,0,Urban,3.39,4721.03,1458.630824,0,27591.7524,1618.4804
CUST100379,Female,10896.66,180.69,6.26,0,Suburban,3.76,6088.72,1500.917355,0,40971.4416,1131.1194
CUST100380,Female,15854.83,649.21,6.72,0,Urban,3.75,9915.68,2053.734456,0,59455.6125,4362.6912
CUST100381,Male,11021.89,202.71,5.11,1,Urban,3.82,7370.28,1803.909984,0,42103.6198,1035.8481
CUST100382,Female,12296.71,1021.83,6.52,0,Rural,2.28,10215.4,1635.200798,0,28036.4988,6662.3316
CUST100383,Male,4600.33,73.58,0.43,0,Suburban,3.3,2219.33,3217.013986,0,15181.089,31.6394
CUST100384,Female,16953.68,313.41,4.41,0,Urban,3.38,7852.62,3133.767098,0,57303.4384,1382.1381
CUST100385,Male,8629.75,114.58,2.93,0,Suburban,2.26,3844.29,2195.86514,0,19503.235,335.7194
CUST100386,Male,2905.1,44.75,1.47,0,Urban,2.4,1573.61,1176.153846,0,6972.24,65.7825
CUST100387,Female,13317.34,232.77,1.18,0,Urban,4.05,5678.25,6108.87156,0,53935.227,274.6686
CUST100388,Male,4400.2,62.39,6.11,1,Suburban,3.33,6197.6,618.8748242,0,14652.666,381.2029
CUST100389,Male,2041.49,109.32,5.33,1,Urban,1.6,4235.81,322.5102686,0,3266.384,582.6756
CUST100390,Female,17253.54,280.28,2.69,0,Urban,4.35,7388.75,4675.756098,0,75052.899,753.9532
CUST100391,Male,9257.23,433.58,4.82,1,Suburban,4.53,8207.01,1590.589347,1,41935.2519,2089.8556
CUST100392,Male,15010.75,161.54,5.02,0,Rural,2.86,6565.26,2493.480066,0,42930.745,810.9308
CUST100393,Female,5882.69,511.91,2.11,1,Suburban,1.84,7123.01,1891.540193,0,10824.1496,1080.1301
CUST100394,Female,15760.71,343.48,6.59,0,Urban,4.79,8051.19,2076.509881,0,75493.8009,2263.5332
CUST100395,Male,2327.52,32.74,7.85,1,Urban,4.53,4600.34,262.9966102,1,10543.6656,257.009
CUST100396,Male,7183.87,148.08,7.96,0,Urban,1.98,4847.42,801.7712054,0,14224.0626,1178.7168
CUST100397,Female,19563.43,1422.89,6.1,1,Urban,1.38,15541.12,2755.412676,0,26997.5334,8679.629
CUST100398,Female,15900.4,276.19,5.21,0,Urban,2.76,6082.58,2560.450886,0,43885.104,1438.9499
CUST100399,Male,9995.39,151.55,0.8,0,Suburban,3.71,5274.39,5552.994444,0,37082.8969,121.24
CUST100400,Female,6861.57,95.48,3.02,1,Urban,1.7,4564.01,1706.858209,0,11664.669,288.3496
CUST100401,Male,17455.5,431.43,1.11,0,Urban,3.05,8318.91,8272.748815,0,53239.275,478.8873
CUST100402,Male,10942.47,186.9,9.65,1,Suburban,2.7,7363.27,1027.461972,0,29544.669,1803.585
CUST100403,Male,15192.66,317.74,1.52,1,Urban,4.56,9046.9,6028.833333,1,69278.5296,482.9648
CUST100404,Male,15106.74,219.43,1.69,0,Rural,2.72,6739.94,5615.888476,0,41090.3328,370.8367
CUST100405,Male,457.12,7.56,8.92,0,Urban,3.14,2062.46,46.08064516,0,1435.3568,67.4352
CUST100406,Female,2612.45,47.55,9.45,0,Rural,4.82,3475.53,249.9952153,0,12592.009,449.3475
CUST100407,Female,13226.62,460.78,7.71,1,Rural,2.2,9706.69,1518.555683,0,29098.564,3552.6138
CUST100408,Female,3316.23,638.75,0.25,0,Rural,2.16,4703.76,2652.984,0,7163.0568,159.6875
CUST100409,Female,5184.32,240.71,0.21,0,Urban,4.2,4323.27,4284.561983,0,21774.144,50.5491
CUST100410,Male,18938.1,1174.73,3.91,1,Rural,2.11,13460.25,3857.046843,0,39959.391,4593.1943
CUST100411,Male,11247.63,235.98,1.61,0,Urban,4.33,6065.81,4309.436782,0,48702.2379,379.9278
CUST100412,Male,15039.52,238.1,0.38,1,Urban,1.38,8031.9,10898.2029,0,20754.5376,90.478
CUST100413,Male,11203.82,443.84,4.75,1,Urban,1.45,9414.34,1948.490435,0,16245.539,2108.24
CUST100414,Female,11095.02,117.77,9.44,0,Urban,4.61,5606.13,1062.741379,0,51148.0422,1111.7488
CUST100415,Male,1973.62,350.26,3.37,0,Urban,3.16,5455.27,451.6292906,0,6236.6392,1180.3762
CUST100416,Male,6938.9,88.54,6.68,1,Urban,3.88,7391.71,903.5026042,0,26922.932,591.4472
CUST100417,Female,5720.37,88.83,6.59,0,Urban,1.9,4057.92,753.6719368,0,10868.703,585.3897
CUST100418,Female,7875.49,194.52,2.66,0,Suburban,1.67,5035.88,2151.773224,0,13152.0683,517.4232
CUST100419,Female,15987.05,1631.92,6.57,0,Urban,4.34,14856.94,2111.895641,0,69383.797,10721.7144
CUST100420,Female,7501.46,116.1,2.28,1,Suburban,2.43,5983.86,2287.030488,0,18228.5478,264.708
CUST100421,Male,9088.77,218.31,1.4,1,Rural,2.82,6579.35,3786.9875,0,25630.3314,305.634
CUST100422,Male,8007.89,85.24,7.07,0,Urban,1.11,3775.49,992.3035936,0,8888.7579,602.6468
CUST100423,Female,1958.82,34.68,1.31,0,Suburban,2.54,1345.7,847.974026,0,4975.4028,45.4308
CUST100424,Male,8877.34,94.17,9.97,1,Rural,4.08,7351.7,809.2379216,1,36219.5472,938.8749
CUST100425,Male,3992.62,153.88,2,1,Urban,4.29,5832.67,1330.873333,1,17128.3398,307.76
CUST100426,Male,3815.79,51.6,6.02,0,Urban,3.8,3713.72,543.5598291,0,14500.002,310.632
CUST100427,Female,1971.32,30.98,4.23,0,Rural,3.77,2608.41,376.9254302,0,7431.8764,131.0454
CUST100428,Male,7197.75,95.66,1.44,1,Rural,3.02,4852.72,2949.897541,0,21737.205,137.7504
CUST100429,Female,15173.89,597.55,0.47,1,Suburban,3.15,9265.7,10322.37415,0,47797.7535,280.8485
CUST100430,Male,5601.19,82.16,6.3,1,Urban,3.97,6697.01,767.2863014,0,22236.7243,517.608
CUST100431,Male,6315.75,120.73,8.11,1,Rural,1.99,6882.21,693.2766191,0,12568.3425,979.1203
CUST100432,Male,12889.23,170.56,8.45,1,Urban,1.93,8113.34,1363.939683,0,24876.2139,1441.232
CUST100433,Female,3997.23,110.82,4.93,0,Urban,4.8,4239.88,674.06914,0,19186.704,546.3426
CUST100434,Male,17949.46,200.43,7.82,1,Urban,1.11,10084.51,2035.086168,0,19923.9006,1567.3626
CUST100435,Female,10451.79,803.45,6.79,1,Urban,1.56,10955.55,1341.693196,0,16304.7924,5455.4255
CUST100436,Female,9007.3,110.27,7.3,1,Suburban,3.28,7570.87,1085.216867,0,29543.944,804.971
CUST100437,Female,11200.62,129,5.03,0,Rural,3.95,6235.6,1857.482587,0,44242.449,648.87
CUST100438,Male,3404.08,41.19,6.41,0,Suburban,3.15,2939.42,459.3900135,0,10722.852,264.0279
CUST100439,Male,12308.12,229.16,8.09,1,Urban,2.42,8396.44,1354.028603,0,29785.6504,1853.9044
CUST100440,Male,7325.7,157.05,4.1,0,Suburban,4.91,5642.99,1436.411765,0,35969.187,643.905
CUST100441,Male,17954.01,180.18,8.1,0,Suburban,3.82,9446.41,1972.968132,0,68584.3182,1459.458
CUST100442,Female,3460.2,129.25,6,1,Urban,4.33,5427.47,494.3142857,1,14982.666,775.5
CUST100443,Female,10190.32,178.92,1.83,0,Rural,1.16,4623.33,3600.819788,0,11820.7712,327.4236
CUST100444,Female,12002.44,174.67,0.44,1,Rural,1.94,6331.88,8335.027778,0,23284.7336,76.8548
CUST100445,Male,764.33,10.68,3.75,1,Suburban,2.5,4059.1,160.9115789,0,1910.825,40.05
CUST100446,Female,7337.49,300.93,5.56,0,Urban,1.73,4652.93,1118.519817,0,12693.8577,1673.1708
CUST100447,Male,14679.44,218.67,8.43,1,Suburban,1.29,8243.02,1556.674443,0,18936.4776,1843.3881
CUST100448,Female,16425.51,198.51,1.45,1,Rural,1.9,9147.41,6704.289796,0,31208.469,287.8395
CUST100449,Male,6331.92,649.31,8.04,0,Urban,3.13,7610.44,700.4336283,0,19818.9096,5220.4524
CUST100450,Male,15992.01,174.6,8.66,0,Rural,3.78,7655.59,1655.487578,0,60449.7978,1512.036
CUST100451,Female,19358.34,2480.92,1.68,1,Urban,4.1,21414.84,7223.261194,1,79369.194,4167.9456
CUST100452,Female,17151.79,441.86,8.55,0,Suburban,1.17,9704.69,1795.998953,0,20067.5943,3777.903
CUST100453,Female,2441.12,375.43,9.92,0,Suburban,2.71,4586.98,223.5457875,0,6615.4352,3724.2656
CUST100454,Female,14820.63,1202.12,7.32,0,Suburban,1.49,10849.97,1781.325721,0,22082.7387,8799.5184
CUST100455,Male,6461.37,70.57,7.89,0,Rural,2.72,4369.76,726.8132733,0,17574.9264,556.7973
CUST100456,Female,19769.48,510.68,9.95,0,Urban,2.74,10537.54,1805.431963,0,54168.3752,5081.266
CUST100457,Female,9758.64,215.17,6.13,1,Urban,2.99,7878.25,1368.673212,0,29178.3336,1318.9921
CUST100458,Female,2536.43,99.63,3.22,1,Suburban,4.57,4791.33,601.049763,1,11591.4851,320.8086
CUST100459,Male,14531.19,235.42,8.41,0,Urban,4.22,7080.86,1544.22848,0,61321.6218,1979.8822
CUST100460,Male,6527.92,106.13,6.22,0,Urban,3.55,3824.73,904.1440443,0,23174.116,660.1286
CUST100461,Female,19941.86,494.11,5.9,1,Urban,4.54,12395.59,2890.124638,1,90536.0444,2915.249
CUST100462,Male,19597.67,534.9,2.69,0,Urban,3.71,9868.27,5311.02168,0,72707.3557,1438.881
CUST100463,Female,13157.07,147.71,7.61,1,Suburban,4.28,8138.8,1528.114983,1,56312.2596,1124.0731
CUST100464,Male,2683.55,64.8,1,1,Suburban,3.26,4210.68,1341.775,0,8748.373,64.8
CUST100465,Male,13768.53,265.38,9.26,1,Urban,3.1,8980.55,1341.961988,0,42682.443,2457.4188
CUST100466,Male,1951.31,61.14,3.39,0,Urban,3.9,2078.08,444.4897494,0,7610.109,207.2646
CUST100467,Male,684.35,8.58,1.45,0,Urban,1.08,1126.8,279.3265306,0,739.098,12.441
CUST100468,Female,16476.87,385.36,4.54,0,Urban,3.76,8934.83,2974.16426,0,61953.0312,1749.5344
CUST100469,Female,4274.08,79.45,0.62,0,Urban,4.74,3008.46,2638.320988,0,20259.1392,49.259
CUST100470,Female,7642.64,262.91,6.91,0,Urban,3.86,5195.88,966.1997472,0,29500.5904,1816.7081
CUST100471,Male,19471.8,197.03,9.05,1,Suburban,1.15,11390.25,1937.492537,0,22392.57,1783.1215
CUST100472,Female,6803.13,208.1,8.41,1,Suburban,2.51,6704.24,722.968119,0,17075.8563,1750.121
CUST100473,Female,6000.15,76.71,1.45,1,Urban,4.24,5264.18,2449.040816,1,25440.636,111.2295
CUST100474,Female,18372.34,402.8,1.44,1,Suburban,4.83,11163.45,7529.647541,1,88738.4022,580.032
CUST100475,Male,2303.89,93.69,8.17,0,Rural,2.48,3100.67,251.2420938,0,5713.6472,765.4473
CUST100476,Male,15215.69,187.91,9.26,1,Urban,4.36,9934.16,1483.010721,1,66340.4084,1740.0466
CUST100477,Male,19762.5,538.6,4.71,0,Urban,4.46,10589.27,3461.033275,0,88140.75,2536.806
CUST100478,Female,18035.79,206.85,5.09,0,Suburban,1.49,6849.27,2961.541872,0,26873.3271,1052.8665
CUST100479,Female,13068.19,142.12,3.32,0,Urban,4.38,7095.1,3025.043981,0,57238.6722,471.8384
CUST100480,Female,6349.81,73.25,8.96,1,Suburban,2.3,6501.86,637.5311245,0,14604.563,656.32
CUST100481,Male,5161.01,619.89,6.52,1,Rural,3.37,7280.28,686.3045213,0,17392.6037,4041.6828
CUST100482,Male,16403.18,205.55,3.02,0,Urban,3.16,8269.16,4080.393035,0,51834.0488,620.761
CUST100483,Female,17608.46,399.49,3.13,0,Suburban,3.65,8706.83,4263.549637,0,64270.879,1250.4037
CUST100484,Male,10556.15,119.95,8.93,0,Suburban,3.96,6413.78,1063.056395,0,41802.354,1071.1535
CUST100485,Male,4962.36,75.64,0.33,0,Urban,2.76,2936.93,3731.097744,0,13696.1136,24.9612
CUST100486,Male,2347.57,27.88,3.36,0,Urban,4.55,2894.79,538.4334862,0,10681.4435,93.6768
CUST100487,Male,1834.87,34.99,5.63,1,Rural,4.24,4806.33,276.7526395,1,7779.8488,196.9937
CUST100488,Female,14409.64,258.11,1.65,1,Rural,4.14,10741.83,5437.6,1,59655.9096,425.8815
CUST100489,Male,8460.36,452.02,1.1,0,Suburban,2.83,6117.38,4028.742857,0,23942.8188,497.222
CUST100490,Male,18116.66,227.94,8.19,1,Rural,1.15,9543.03,1971.34494,0,20834.159,1866.8286
CUST100491,Male,14819.46,330.48,8.97,0,Urban,2.97,7538.58,1486.405216,0,44013.7962,2964.4056
CUST100492,Male,3906.08,74.39,8.27,1,Urban,4.59,6088.3,421.3678533,1,17928.9072,615.2053
CUST100493,Female,12314.17,154.73,9.01,0,Urban,1.76,6366.56,1230.186813,0,21672.9392,1394.1173
CUST100494,Female,8766.56,141.65,5.62,1,Urban,4.93,8512.23,1324.253776,1,43219.1408,796.073
CUST100495,Male,11587.27,480.71,8.16,1,Rural,4.23,10777.86,1264.985808,1,49014.1521,3922.5936
CUST100496,Male,14787.58,242.13,3.96,1,Rural,3.84,9707.67,2981.366935,0,56784.3072,958.8348
CUST100497,Male,16143.3,369.2,6.73,0,Rural,3.71,8924.87,2088.39586,0,59891.643,2484.716
CUST100498,Male,16890.37,340.5,9.89,1,Suburban,3.35,11468.87,1550.998163,0,56582.7395,3367.545
CUST100499,Male,5154.1,670.27,2.41,0,Urban,3.88,6944.23,1511.466276,0,19997.908,1615.3507
CUST100500,Male,719.2,28.82,4.02,0,Urban,2.69,1562.2,143.2669323,0,1934.648,115.8564
CUST100501,Female,14811.97,467.27,4.9,0,Urban,4.38,8496.54,2510.50339,0,64876.4286,2289.623
CUST100502,Male,2216.24,30.47,1.55,1,Suburban,3.79,4398.24,869.1137255,0,8399.5496,47.2285
CUST100503,Female,6366.9,1045.16,0.99,1,Urban,4.09,10639.45,3199.447236,1,26040.621,1034.7084
CUST100504,Female,175.96,4.01,8.33,0,Rural,4.17,2554.13,18.85959271,0,733.7532,33.4033
CUST100505,Male,13665.22,147.28,9.77,0,Rural,1.37,7532.51,1268.822656,0,18721.3514,1438.9256
CUST100506,Female,3425.93,219.21,4.17,1,Urban,1.22,5207.34,662.655706,0,4179.6346,914.1057
CUST100507,Female,13140.12,243.06,1.06,0,Urban,4.2,6237.47,6378.699029,0,55188.504,257.6436
CUST100508,Female,19835.68,248.82,0.84,0,Suburban,2.04,7631.96,10780.26087,0,40464.7872,209.0088
CUST100509,Female,1546.15,16.35,8.93,0,Urban,3.33,3015.17,155.7049345,0,5148.6795,146.0055
CUST100510,Female,1633.85,21.51,4.75,1,Suburban,2.77,4002.97,284.1478261,0,4525.7645,102.1725
CUST100511,Female,6873.56,93.58,3.34,0,Suburban,1.09,3331.12,1583.769585,0,7492.1804,312.5572
CUST100512,Male,17341.09,207.64,4.87,1,Urban,1.16,10458.38,2954.189097,0,20115.6644,1011.2068
CUST100513,Female,4389.04,92.62,3.32,0,Urban,4.31,2889.96,1015.981481,0,18916.7624,307.4984
CUST100514,Female,7271.52,89.16,4.99,0,Urban,3.43,3798.33,1213.943239,0,24941.3136,444.9084
CUST100515,Female,1463.26,254.19,8.62,0,Rural,3.1,4087.85,152.1060291,0,4536.106,2191.1178
CUST100516,Male,15286.79,164.67,6,0,Urban,4.78,7167.42,2183.827143,0,73070.8562,988.02
CUST100517,Female,8225.3,174.58,7.01,0,Rural,1.69,4188.48,1026.878901,0,13900.757,1223.8058
CUST100518,Male,15209.05,264.18,3.77,0,Suburban,2.03,6770.53,3188.480084,0,30874.3715,995.9586
CUST100519,Female,18081.8,618.95,7.44,1,Suburban,4.03,11851.4,2142.393365,1,72869.654,4604.988
CUST100520,Male,4731.99,62.64,6.73,0,Urban,4.1,3804.74,612.1591203,0,19401.159,421.5672
CUST100521,Male,16167.18,1316.5,1.37,1,Suburban,2.62,14828.3,6821.594937,0,42358.0116,1803.605
CUST100522,Female,1275.97,14.52,5.81,1,Suburban,4.8,5623.58,187.3671072,1,6124.656,84.3612
CUST100523,Female,17987.06,214.97,2.72,1,Suburban,4.75,10836.47,4835.231183,1,85438.535,584.7184
CUST100524,Male,13050.29,511.26,8.08,1,Suburban,1.05,10727.65,1437.256608,0,13702.8045,4130.9808
CUST100525,Female,17497.11,213.68,4.37,0,Suburban,1.69,7201.13,3258.307263,0,29570.1159,933.7816
CUST100526,Male,103.75,1.3,9.95,0,Rural,4.28,1721.02,9.474885845,0,444.05,12.935
CUST100527,Male,3464.71,53.25,1.11,1,Urban,2.34,5486.1,1642.042654,0,8107.4214,59.1075
CUST100528,Male,7856.21,194.06,7.85,1,Rural,1.38,6190.71,887.7073446,0,10841.5698,1523.371
CUST100529,Male,7652.11,248.51,6.8,1,Urban,4.14,6524.61,981.0397436,1,31679.7354,1689.868
CUST100530,Male,4611.93,170.69,7.72,1,Rural,2.82,5393.41,528.891055,0,13005.6426,1317.7268
CUST100531,Female,7694.08,218.16,3.21,1,Rural,2.97,7734.9,1827.572447,0,22851.4176,700.2936
CUST100532,Male,2664.09,29.33,5.02,0,Urban,1.75,2034.53,442.5398671,0,4662.1575,147.2366
CUST100533,Male,8313.95,671.79,8.01,1,Suburban,3.64,10281.83,922.7469478,0,30262.778,5381.0379
CUST100534,Female,16066.85,191.86,2.48,0,Suburban,3.2,7615.05,4616.91092,0,51413.92,475.8128
CUST100535,Male,9633.49,252.55,2.42,0,Urban,1.83,4795.09,2816.809942,0,17629.2867,611.171
CUST100536,Female,458.2,8.4,5.6,0,Urban,2.36,1426.31,69.42424242,0,1081.352,47.04
CUST100537,Female,8486.74,105.46,5.33,0,Urban,3.39,4852.16,1340.71722,0,28770.0486,562.1018
CUST100538,Female,640.78,7.2,2.97,0,Rural,4.7,1465.31,161.4055416,0,3011.666,21.384
CUST100539,Male,19328.24,511.95,3.12,1,Rural,4.68,12187.31,4691.320388,1,90456.1632,1597.284
CUST100540,Male,2636.33,53.94,2.92,1,Suburban,2.15,4393.62,672.5331633,0,5668.1095,157.5048
CUST100541,Male,14183,319.59,7.76,1,Suburban,3.94,10476.04,1619.063927,0,55881.02,2480.0184
CUST100542,Female,19458.25,3108.92,6.59,0,Suburban,4.1,23596.78,2563.669302,0,79778.825,20487.7828
CUST100543,Male,16538.18,499.42,8.36,1,Urban,4.24,11160.85,1766.899573,1,70121.8832,4175.1512
CUST100544,Female,14016.38,288.27,9.76,0,Urban,3.28,7168.24,1302.637546,0,45973.7264,2813.5152
CUST100545,Male,16805.27,381.47,4.85,1,Suburban,1.04,9916.25,2872.695726,0,17477.4808,1850.1295
CUST100546,Female,19637.79,266.88,0.85,0,Rural,4.05,8707.56,10615.02162,0,79533.0495,226.848
CUST100547,Male,12464.76,299.95,0.67,0,Suburban,1.43,6577.56,7463.928144,0,17824.6068,200.9665
CUST100548,Male,11227.78,218.05,3.1,0,Suburban,1.47,4785.36,2738.482927,0,16504.8366,675.955
CUST100549,Male,12601.94,275.07,9.34,1,Suburban,3.42,9237.53,1218.756286,0,43098.6348,2569.1538
CUST100550,Female,10700.25,141.99,5.33,0,Urban,4.93,6386.52,1690.402844,0,52752.2325,756.8067
CUST100551,Female,12738.27,146.45,2.86,0,Suburban,1.97,5784.17,3300.069948,0,25094.3919,418.847
CUST100552,Male,9051.86,163.01,4.11,0,Urban,3.58,5107.29,1771.401174,0,32405.6588,669.9711
CUST100553,Male,4447.02,55.59,6.07,0,Urban,2.21,2764.73,628.9985856,0,9827.9142,337.4313
CUST100554,Female,2492.92,75.1,6.6,1,Suburban,4.59,4937.78,328.0157895,1,11442.5028,495.66
CUST100555,Female,1459.98,25.87,1.71,0,Suburban,3.37,2208.36,538.7380074,0,4920.1326,44.2377
CUST100556,Female,5339.98,141.28,9.77,0,Urban,1.83,3572.98,495.81987,0,9772.1634,1380.3056
CUST100557,Male,1017.86,22.95,5.54,0,Suburban,2.05,1473.93,155.6360856,0,2086.613,127.143
CUST100558,Female,11386.7,152.68,1.53,0,Suburban,2.73,5268.23,4500.671937,0,31085.691,233.6004
CUST100559,Male,5748.19,64.76,8.96,0,Suburban,1.49,2795.71,577.12751,0,8564.8031,580.2496
CUST100560,Female,16508.24,997.96,0.93,1,Rural,1.31,12912.02,8553.492228,0,21625.7944,928.1028
CUST100561,Male,1577.39,24.16,9.1,0,Urban,3.72,1753.15,156.1772277,0,5867.8908,219.856
CUST100562,Female,4604.39,76.35,9.97,0,Rural,2.63,4072.42,419.7256153,0,12109.5457,761.2095
CUST100563,Female,14631.9,900.46,7.06,0,Suburban,3.9,12543.32,1815.372208,0,57064.41,6357.2476
CUST100564,Female,12016.29,478.17,7.75,0,Suburban,1.44,6848.45,1373.290286,0,17303.4576,3705.8175
CUST100565,Female,1383.38,40.05,3.51,0,Suburban,3.44,2733.45,306.7361419,0,4758.8272,140.5755
CUST100566,Female,17557.07,841.72,9.43,0,Urban,2.77,11454.35,1683.324065,0,48633.0839,7937.4196
CUST100567,Male,17557.51,623.62,5.39,0,Urban,1.23,9143.51,2747.654147,0,21595.7373,3361.3118
CUST100568,Female,6675.12,219.42,7.38,0,Suburban,3.18,4447.96,796.5536993,0,21226.8816,1619.3196
CUST100569,Female,6874.08,186.34,9.26,1,Suburban,1.33,7130.3,669.9883041,0,9142.5264,1725.5084
CUST100570,Female,19781.66,259.63,9.76,1,Suburban,4.31,11216.69,1838.444238,1,85258.9546,2533.9888
CUST100571,Male,12560.91,211.71,8.37,1,Urban,3.53,8486.93,1340.545358,0,44340.0123,1772.0127
CUST100572,Female,10673.2,108.14,3.17,0,Urban,3.23,6252.49,2559.520384,0,34474.436,342.8038
CUST100573,Male,16779.23,377.91,9.67,1,Urban,1.53,9949.39,1572.561387,0,25672.2219,3654.3897
CUST100574,Female,5777.28,75.4,6.36,1,Suburban,2.15,4219.49,784.9565217,0,12421.152,479.544
CUST100575,Female,8640.73,98.43,9.32,1,Urban,2.97,6884.02,837.2800388,0,25662.9681,917.3676
CUST100576,Male,5428.76,78.11,6.83,0,Suburban,3.53,4484.21,693.3282248,0,19163.5228,533.4913
CUST100577,Female,15804.3,358.15,3.21,0,Urban,1.73,7603.22,3753.990499,0,27341.439,1149.6615
CUST100578,Male,11509.65,150.27,3.83,0,Suburban,1.04,4511.81,2382.950311,0,11970.036,575.5341
CUST100579,Male,13210.62,542.57,5.59,0,Urban,2.38,7393.3,2004.646434,0,31441.2756,3032.9663
CUST100580,Female,5120.91,141.78,7.94,0,Urban,2.93,3604.08,572.8087248,0,15004.2663,1125.7332
CUST100581,Male,4482.48,78.73,3.32,1,Suburban,1.74,4541.01,1037.611111,0,7799.5152,261.3836
CUST100582,Female,9818.66,164.57,5.88,1,Suburban,2.97,7102.95,1427.130814,0,29161.4202,967.6716
CUST100583,Female,14777.56,2080.34,3.59,0,Urban,2.35,16606.45,3219.511983,0,34727.266,7468.4206
CUST100584,Male,10552.27,111.33,8.19,0,Rural,2.82,6014.81,1148.23395,0,29757.4014,911.7927
CUST100585,Male,749.65,10.53,4.77,0,Urban,2.39,1527.21,129.9220104,0,1791.6635,50.2281
CUST100586,Male,17384.17,333.72,0.95,0,Urban,3.51,7943.6,8914.958974,0,61018.4367,317.034
CUST100587,Male,1387.27,14.81,1.83,0,Urban,1.17,1402.58,490.2014134,0,1623.1059,27.1023
CUST100588,Female,19120.91,409.32,0.8,0,Urban,1.68,8649.04,10622.72778,0,32123.1288,327.456
CUST100589,Female,600.32,6.12,5.09,0,Urban,2.73,1857.24,98.57471264,0,1638.8736,31.1508
CUST100590,Male,13919.56,259.37,1.24,1,Urban,2.43,8446.14,6214.089286,0,33824.5308,321.6188
CUST100591,Female,1735.92,109.47,1.32,0,Suburban,2.57,1959.13,748.2413793,0,4461.3144,144.5004
CUST100592,Female,18222.46,234.66,9.42,0,Urban,4.22,9391.17,1748.796545,0,76898.7812,2210.4972
CUST100593,Female,9342.22,134.43,8.75,0,Suburban,4.55,5778.9,958.1764103,0,42507.101,1176.2625
CUST100594,Female,2836.72,36.17,4.63,0,Urban,1.99,2555.54,503.8579041,0,5645.0728,167.4671
CUST100595,Male,6882.23,72.15,9.86,0,Urban,4.35,4145.15,633.7228361,0,29937.7005,711.399
CUST100596,Male,3380.01,42.91,0.2,1,Urban,2.84,4300.83,2816.675,0,9599.2284,8.582
CUST100597,Female,3494.58,55.4,6.22,0,Suburban,2.1,2747.94,484.0138504,0,7338.618,344.588
CUST100598,Male,18967.36,219.42,6.24,0,Suburban,4.94,9613.47,2619.801105,0,93698.7584,1369.1808
CUST100599,Male,8960.4,129.94,4.68,1,Rural,4.3,6423.84,1577.535211,1,38529.72,608.1192
CUST100600,Male,15797.17,360.9,4.09,0,Urban,4.98,7511.39,3103.569745,0,78669.9066,1476.081
CUST100601,Female,12828.15,143.92,4.66,0,Suburban,1.67,5403.88,2266.457597,0,21423.0105,670.6672
CUST100602,Female,13560.88,519.96,4.27,0,Suburban,1.58,7249.44,2573.222011,0,21426.1904,2220.2292
CUST100603,Female,2720.7,37.33,7.36,1,Urban,3.01,4864.39,325.4425837,0,8189.307,274.7488
CUST100604,Male,4760.27,53.64,1.53,0,Urban,3.55,2182.46,1881.529644,0,16898.9585,82.0692
CUST100605,Female,15756.33,211.57,2.14,0,Urban,1.68,7999.23,5017.93949,0,26470.6344,452.7598
CUST100606,Female,19418.25,272.57,1.97,1,Suburban,4.44,10249.07,6538.131313,1,86217.03,536.9629
CUST100607,Male,5327.25,69.64,2.77,0,Urban,3.13,3081.4,1413.06366,0,16674.2925,192.9028
CUST100608,Female,5504.22,111.92,5.35,0,Suburban,2.64,4782.11,866.8062992,0,14531.1408,598.772
CUST100609,Female,9510.65,108.02,1.29,0,Suburban,3.41,4699.47,4153.122271,0,32431.3165,139.3458
CUST100610,Male,19678.42,808.93,8.71,1,Suburban,3.54,15071.93,2026.6138,0,69661.6068,7045.7803
CUST100611,Male,5452.28,318.81,3.11,1,Urban,1.17,5692.65,1326.588808,0,6379.1676,991.4991
CUST100612,Male,8198.74,255.23,1.79,1,Suburban,5,7264.23,2938.616487,1,40993.7,456.8617
CUST100613,Female,17840.45,321.45,6.82,1,Urban,2.46,10065.02,2281.387468,0,43887.507,2192.289
CUST100614,Female,158.13,2.96,0.57,1,Urban,1.25,1685.5,100.7197452,0,197.6625,1.6872
CUST100615,Female,891.34,10.74,6.28,1,Suburban,4.41,4115.22,122.4368132,1,3930.8094,67.4472
CUST100616,Male,12121.03,279.07,7.04,1,Urban,4.97,8948.43,1507.590796,1,60241.5191,1964.6528
CUST100617,Male,18156.87,355.93,2.31,0,Urban,4.27,9875.12,5485.459215,0,77529.8349,822.1983
CUST100618,Female,4853.25,774.05,0.61,0,Urban,4.41,7695.49,3014.440994,0,21402.8325,472.1705
CUST100619,Female,9445.87,215.04,3.76,0,Urban,3.5,6388.59,1984.426471,0,33060.545,808.5504
CUST100620,Male,9064.26,136.23,1.17,0,Urban,4.69,3742.09,4177.078341,0,42511.3794,159.3891
CUST100621,Male,9512.13,1469.44,1.34,1,Urban,1.14,13827.55,4065.012821,0,10843.8282,1969.0496
CUST100622,Male,12488.14,394.15,2.69,0,Suburban,4.07,6008.72,3384.319783,0,50826.7298,1060.2635
CUST100623,Male,9447.9,381.64,3.1,0,Urban,3.68,5514.11,2304.365854,0,34768.272,1183.084
CUST100624,Female,9004.62,1001.78,5.39,0,Rural,1.2,8344.96,1409.173709,0,10805.544,5399.5942
CUST100625,Male,9538.34,188.77,6.85,1,Urban,3.18,7485.88,1215.075159,0,30331.9212,1293.0745
CUST100626,Female,11858.26,532.63,6.01,1,Urban,3.06,9519.53,1691.620542,0,36286.2756,3201.1063
CUST100627,Female,10786.45,142.69,1.65,0,Suburban,3.77,5662.84,4070.358491,0,40664.9165,235.4385
CUST100628,Female,17097.31,199.84,1.89,0,Urban,1.31,7249.16,5916.024221,0,22397.4761,377.6976
CUST100629,Male,1084.99,19.09,8.81,0,Rural,4.22,3227.5,110.6004077,0,4578.6578,168.1829
CUST100630,Male,16683.01,169.78,5.67,0,Suburban,1.56,6450.46,2501.2009,0,26025.4956,962.6526
CUST100631,Male,16894.1,353.47,8.73,0,Urban,2.67,9169.66,1736.289825,0,45107.247,3085.7931
CUST100632,Male,5769.67,107.3,3.84,1,Suburban,4.53,6028.03,1192.080579,1,26136.6051,412.032
CUST100633,Female,9310.75,94.07,6.22,0,Urban,3.24,6524.51,1289.577562,0,30166.83,585.1154
CUST100634,Male,8826.92,326.96,5.33,0,Rural,2.52,5910.83,1394.458136,0,22243.8384,1742.6968
CUST100635,Male,4448.35,47.05,3.33,0,Rural,1.19,1976.92,1027.332564,0,5293.5365,156.6765
CUST100636,Female,7996.26,881.66,4.81,0,Suburban,3.69,8234.14,1376.292599,0,29506.1994,4240.7846
CUST100637,Male,983.32,20.74,5.12,0,Urban,4.95,1922.14,160.6732026,0,4867.434,106.1888
CUST100638,Female,5628.66,483.13,2.17,0,Urban,4.65,6151.93,1775.602524,0,26173.269,1048.3921
CUST100639,Female,16351.98,220.15,3.29,0,Urban,3.87,7656.25,3811.65035,0,63282.1626,724.2935
CUST100640,Female,5762.79,91.77,7.96,1,Urban,1.42,5960.77,643.1685268,0,8183.1618,730.4892
CUST100641,Female,16382.31,227.12,9.17,0,Urban,1.96,6941.29,1610.846608,0,32109.3276,2082.6904
CUST100642,Female,10678.83,263.18,3.73,0,Rural,1.75,5396.71,2257.680761,0,18687.9525,981.6614
CUST100643,Female,17609.27,439.13,3.21,0,Urban,2.42,7620.67,4182.724466,0,42614.4334,1409.6073
CUST100644,Female,11538.11,1239.95,2.11,1,Suburban,1.94,12055.51,3710.003215,0,22383.9334,2616.2945
CUST100645,Female,690.4,18.05,6.85,0,Suburban,1.98,2201.4,87.94904459,0,1366.992,123.6425
CUST100646,Male,13540.86,145.16,3.37,1,Rural,3.47,8817.31,3098.594966,0,46986.7842,489.1892
CUST100647,Male,992.59,24.19,9.88,1,Urban,2.27,3137.45,91.23069853,0,2253.1793,238.9972
CUST100648,Male,9066.88,107.96,3.39,0,Urban,3.71,5995.8,2065.348519,0,33638.1248,365.9844
CUST100649,Male,18595.59,218.72,4.06,1,Suburban,4.79,11774.32,3675.017787,1,89072.8761,888.0032
CUST100650,Female,3387.56,83.73,6.11,1,Rural,3.55,4565.58,476.4500703,0,12025.838,511.5903
CUST100651,Male,7858.46,120.83,8.06,0,Rural,4.01,5308.11,867.3796909,0,31512.4246,973.8898
CUST100652,Female,14624.22,1040.11,4.8,1,Suburban,4.01,12991.72,2521.417241,1,58643.1222,4992.528
CUST100653,Male,17656.95,1189.06,4.34,0,Urban,2.32,12321.33,3306.544944,0,40964.124,5160.5204
CUST100654,Male,13451.77,1397.95,9.96,0,Suburban,1.06,12639.31,1227.351277,0,14258.8762,13923.582
CUST100655,Male,5237.65,87.01,0.3,1,Urban,1.22,4761.34,4028.961538,0,6389.933,26.103
CUST100656,Female,13524.7,297.4,8.97,1,Suburban,2.13,8693.91,1356.539619,0,28807.611,2667.678
CUST100657,Male,6004.88,105.23,1.66,1,Suburban,3.76,5524,2257.473684,0,22578.3488,174.6818
CUST100658,Female,14396.74,264.15,7.9,0,Suburban,4.63,7833.66,1617.611236,0,66656.9062,2086.785
CUST100659,Female,19085.26,498.71,6.26,0,Rural,4.84,11228.54,2628.823691,0,92372.6584,3121.9246
CUST100660,Male,14455.73,208.42,3.55,0,Suburban,1.1,5668.91,3177.083516,0,15901.303,739.891
CUST100661,Male,17271.32,224.13,8.76,0,Urban,4.96,8270.09,1769.602459,0,85665.7472,1963.3788
CUST100662,Male,141.87,22.2,0.33,0,Urban,2.29,1848.83,106.6691729,0,324.8823,7.326
CUST100663,Female,14379.69,582.46,2.42,0,Rural,4.37,9130.06,4204.587719,0,62839.2453,1409.5532
CUST100664,Male,16608.79,228.28,5.76,0,Urban,1.72,7984.52,2456.921598,0,28567.1188,1314.8928
CUST100665,Female,907.12,21.74,3.65,0,Urban,1.25,1218.81,195.0795699,0,1133.9,79.351
CUST100666,Female,17444.79,256.78,6.18,0,Urban,2.51,7480.56,2429.63649,0,43786.4229,1586.9004
CUST100667,Male,5208.22,137.2,0.44,1,Suburban,4.44,5359.31,3616.819444,1,23124.4968,60.368
CUST100668,Male,13339.31,316.68,1.34,1,Urban,1.88,7790.73,5700.559829,0,25077.9028,424.3512
CUST100669,Female,16027.06,798.38,1.45,0,Rural,1.62,10510.36,6541.657143,0,25963.8372,1157.651
CUST100670,Female,13287.02,449.92,2.05,1,Rural,4.64,9923.62,4356.4,1,61651.7728,922.336
CUST100671,Female,1936.47,30.98,4.7,1,Rural,4.75,4681.57,339.7315789,1,9198.2325,145.606
CUST100672,Male,11966.8,259.3,7.57,1,Urban,1.05,9105.74,1396.359393,0,12565.14,1962.901
CUST100673,Female,11036.71,140.49,9.07,0,Rural,3.91,5445.09,1095.999007,0,43153.5361,1274.2443
CUST100674,Male,18016.39,209.5,8.39,0,Rural,2.24,7280.55,1918.678381,0,40356.7136,1757.705
CUST100675,Female,8144.37,144.26,2.13,1,Rural,2.5,6099.62,2602.035144,0,20360.925,307.2738
CUST100676,Female,6489.51,84.24,4.52,0,Suburban,2.88,4262.22,1175.63587,0,18689.7888,380.7648
CUST100677,Male,15022.03,439.81,2.15,1,Suburban,2.71,9565.61,4768.898413,0,40709.7013,945.5915
CUST100678,Female,8312.24,187.12,2.79,1,Urban,3.06,6684.15,2193.203166,0,25435.4544,522.0648
CUST100679,Male,12957.31,178.2,5.13,1,Rural,3.33,8798.1,2113.75367,0,43147.8423,914.166
CUST100680,Male,12964.36,310.97,0.87,0,Urban,2.86,6750.28,6932.812834,0,37078.0696,270.5439
CUST100681,Female,17771.98,291.78,2.34,0,Urban,3.81,8995.59,5320.952096,0,67711.2438,682.7652
CUST100682,Male,12013.98,531.35,9.37,0,Rural,3.87,7690.47,1158.532305,0,46494.1026,4978.7495
CUST100683,Male,10092.86,162.85,4.77,1,Urban,2.76,7810.51,1749.195841,0,27856.2936,776.7945
CUST100684,Female,2863.54,32.97,4.56,0,Urban,1.57,2349.68,515.0251799,0,4495.7578,150.3432
CUST100685,Male,2403.18,27.46,0.34,0,Rural,3.56,1079.31,1793.41791,0,8555.3208,9.3364
CUST100686,Male,3171,42.96,2.62,0,Rural,4.09,3259.31,875.9668508,0,12969.39,112.5552
CUST100687,Male,3519.78,46.41,8.69,0,Urban,3.55,3811.23,363.2383901,0,12495.219,403.3029
CUST100688,Female,12793.75,220.57,1.81,0,Rural,3.35,6756.45,4552.935943,0,42859.0625,399.2317
CUST100689,Male,14845.53,245.2,4.27,0,Urban,1.92,5913.19,2816.988615,0,28503.4176,1047.004
CUST100690,Female,10646.83,601.62,0.34,1,Urban,3.58,9873.44,7945.395522,0,38115.6514,204.5508
CUST100691,Female,16597.45,351.89,4.89,0,Urban,2.34,7134.36,2817.903226,0,38838.033,1720.7421
CUST100692,Male,19826.14,414.57,0.41,1,Urban,4.68,11491.57,14061.0922,1,92786.3352,169.9737
CUST100693,Male,16418.25,170.92,8.23,1,Urban,3.61,10258.76,1778.791983,0,59269.8825,1406.6716
CUST100694,Male,13928.16,303.09,8.28,1,Urban,2.11,8981.92,1500.87931,0,29388.4176,2509.5852
CUST100695,Female,10696.6,187.04,7.92,1,Rural,2.89,7979.93,1199.170404,0,30913.174,1481.3568
CUST100696,Male,9032.18,162.28,2.98,0,Suburban,4.39,6342.75,2269.39196,0,39651.2702,483.5944
CUST100697,Male,1779.41,27.17,8.4,0,Rural,2.34,2103.58,189.2989362,0,4163.8194,228.228
CUST100698,Male,8047.44,105.77,5.52,1,Suburban,3.1,7097.93,1234.269939,0,24947.064,583.8504
CUST100699,Male,18211.68,690.39,3.86,0,Urban,3.72,10372.07,3747.259259,0,67747.4496,2664.9054
CUST100700,Male,16179.65,292.96,6.33,0,Rural,4.02,8420.5,2207.319236,0,65042.193,1854.4368
CUST100701,Female,4399.42,52.71,0.32,0,Rural,1.7,1575.24,3332.893939,0,7479.014,16.8672
CUST100702,Female,9385.49,191.56,1.6,1,Urban,3.26,7495.51,3609.803846,0,30596.6974,306.496
CUST100703,Male,16352.79,519.9,7.47,0,Urban,4.65,11125.08,1930.671783,0,76040.4735,3883.653
CUST100704,Male,1440.95,21.44,2.59,0,Suburban,4.87,2272.42,401.3788301,0,7017.4265,55.5296
CUST100705,Male,7809.11,93.79,6.06,0,Suburban,3.62,4301.18,1106.106232,0,28268.9782,568.3674
CUST100706,Male,17051.64,1550.38,3.97,1,Rural,4.93,17222.46,3430.913481,1,84064.5852,6155.0086
CUST100707,Female,8137.57,103.28,8.58,0,Urban,3.28,5524.07,849.4331942,0,26691.2296,886.1424
CUST100708,Male,1644.53,19.8,9.53,1,Urban,2.77,4485.89,156.1756885,0,4555.3481,188.694
CUST100709,Female,10896.43,223.08,8.86,0,Suburban,3.21,6666.14,1105.114604,0,34977.5403,1976.4888
CUST100710,Female,17248.68,175.27,2.85,1,Suburban,1.46,8938.17,4480.176623,0,25183.0728,499.5195
CUST100711,Male,11846.68,148.57,2.1,0,Urban,2.61,5261.32,3821.509677,0,30919.8348,311.997
CUST100712,Female,4602.95,58.64,4.85,1,Urban,2.83,5205.97,786.8290598,0,13026.3485,284.404
CUST100713,Female,7746.37,101.87,0.27,0,Suburban,4.39,3676.61,6099.503937,0,34006.5643,27.5049
CUST100714,Female,9057.45,469.11,0.45,0,Suburban,4.03,5998.43,6246.517241,0,36501.5235,211.0995
CUST100715,Female,11627.4,453.54,5.62,1,Urban,3.41,9745.36,1756.404834,0,39649.434,2548.8948
CUST100716,Male,15211.09,309.93,5.3,1,Urban,2.39,8958.37,2414.45873,0,36354.5051,1642.629
CUST100717,Male,2067.58,68.74,9.95,1,Rural,1.75,4317.02,188.8200913,0,3618.265,683.963
CUST100718,Female,17804.08,400.56,2.18,1,Rural,2.39,9645.25,5598.767296,0,42551.7512,873.2208
CUST100719,Male,344.96,3.86,2.73,0,Urban,3.72,997.41,92.48257373,0,1283.2512,10.5378
CUST100720,Male,7464.04,89.59,1.31,1,Urban,2.05,6562.16,3231.186147,0,15301.282,117.3629
CUST100721,Male,645.66,9.96,9.19,0,Rural,2.71,1988.01,63.36211973,0,1749.7386,91.5324
CUST100722,Male,7920.19,91.54,7.82,1,Urban,2.55,5777.24,897.9807256,0,20196.4845,715.8428
CUST100723,Male,10563.67,132.95,8.26,0,Suburban,4.06,5819.96,1140.785097,0,42888.5002,1098.167
CUST100724,Female,10282.46,224.74,9.05,0,Suburban,4.54,6130.57,1023.130348,0,46682.3684,2033.897
CUST100725,Male,3396,140.91,5.34,0,Urban,3.8,3003.52,535.6466877,0,12904.8,752.4594
CUST100726,Male,12950.24,240.49,4.62,0,Suburban,2.37,7073.73,2304.313167,0,30692.0688,1111.0638
CUST100727,Male,991.09,13.22,3.44,0,Suburban,2.73,1400.48,223.2184685,0,2705.6757,45.4768
CUST100728,Male,15261.95,328.5,5.97,0,Suburban,1.57,7853.13,2189.662841,0,23961.2615,1961.145
CUST100729,Female,18938.22,277.1,4.65,0,Urban,1.67,9256.76,3351.897345,0,31626.8274,1288.515
CUST100730,Female,6861.4,491.47,4.63,0,Rural,1.66,6232.09,1218.721137,0,11389.924,2275.5061
CUST100731,Female,10393.06,136.64,9.38,0,Urban,1.52,5255.5,1001.258189,0,15797.4512,1281.6832
CUST100732,Female,7640.31,92.94,9.84,0,Suburban,1.72,3819.87,704.8256458,0,13141.3332,914.5296
CUST100733,Male,233.54,3.24,8.01,0,Rural,1.81,1368.82,25.92008879,0,422.7074,25.9524
CUST100734,Female,7778.9,80.29,7.62,0,Urban,1.45,4095.87,902.424594,0,11279.405,611.8098
CUST100735,Male,15855.23,189.81,6.87,1,Suburban,3.56,8621.98,2014.641677,0,56444.6188,1303.9947
CUST100736,Male,11960.18,131.73,1.83,1,Rural,4.96,8798.32,4226.212014,1,59322.4928,241.0659
CUST100737,Male,2115.07,22.58,0.78,0,Urban,4.52,2740.57,1188.241573,0,9560.1164,17.6124
CUST100738,Male,16958.08,209.03,6.97,1,Urban,1.18,9560.35,2127.739021,0,20010.5344,1456.9391
CUST100739,Male,10668.6,154.5,7.34,1,Rural,2.69,7555.98,1279.208633,0,28698.534,1134.03
CUST100740,Female,16850.29,3039.78,0.66,0,Urban,4.44,21241.47,10150.77711,0,74815.2876,2006.2548
CUST100741,Female,11646.41,236.46,9.29,1,Urban,1.54,9125.22,1131.81827,0,17935.4714,2196.7134
CUST100742,Female,11237.8,189.63,1.09,0,Rural,4.39,6017.17,5376.937799,0,49333.942,206.6967
CUST100743,Female,2194.66,64.77,3,0,Rural,3.37,2691.79,548.665,0,7396.0042,194.31
CUST100744,Male,3430.46,97.4,6.79,0,Rural,4.73,4324.76,440.3671374,0,16226.0758,661.346
CUST100745,Female,19443.3,201.88,1.86,0,Urban,4.5,8887.7,6798.356643,0,87494.85,375.4968
CUST100746,Male,4646.89,51.8,0.74,1,Urban,3.71,5659.87,2670.626437,0,17239.9619,38.332
CUST100747,Female,19551.3,228.21,3.45,0,Urban,3.63,8045.74,4393.550562,0,70971.219,787.3245
CUST100748,Male,10685.06,245.23,7.71,0,Suburban,1.85,5392.2,1226.75775,0,19767.361,1890.7233
CUST100749,Male,2802.2,444.7,4.25,0,Suburban,1.47,4358.74,533.752381,0,4119.234,1889.975
CUST100750,Female,2076.11,164.49,6.6,1,Urban,2.66,4926.31,273.1723684,0,5522.4526,1085.634
CUST100751,Male,4256.4,122.81,5.88,1,Urban,1.75,5033,618.6627907,0,7448.7,722.1228
CUST100752,Male,18520.18,2851.2,0.42,1,Suburban,1.41,21958.55,13042.38028,0,26113.4538,1197.504
CUST100753,Female,8341.59,1258.3,9.89,0,Suburban,2.21,10620.63,765.9862259,0,18434.9139,12444.587
CUST100754,Male,7969.14,86.55,0.61,0,Urban,4.44,4112.85,4949.776398,0,35382.9816,52.7955
CUST100755,Female,6332.8,87.85,9.68,0,Rural,1.07,3429.31,592.9588015,0,6776.096,850.388
CUST100756,Female,3026.53,88.11,5.59,0,Urban,2.17,3278.92,459.2610015,0,6567.5701,492.5349
CUST100757,Female,9808.24,557.25,9.64,0,Suburban,2.7,8227.35,921.8270677,0,26482.248,5371.89
CUST100758,Male,2687.95,50.14,1.32,0,Rural,3.04,1398.36,1158.599138,0,8171.368,66.1848
CUST100759,Male,16726.06,3036.75,5.01,0,Suburban,1.73,21471.58,2783.03827,0,28936.0838,15214.1175
CUST100760,Male,7470.9,79.35,1.86,1,Urban,4.86,6867.29,2612.202797,1,36308.574,147.591
CUST100761,Female,7558.59,170.21,0.7,1,Urban,3.32,6396.28,4446.229412,0,25094.5188,119.147
CUST100762,Male,9532.73,220.55,6.25,0,Rural,3.09,6226.56,1314.85931,0,29456.1357,1378.4375
CUST100763,Female,8938.14,212.28,2.24,0,Urban,1.04,4402.19,2758.685185,0,9295.6656,475.5072
CUST100764,Female,19897.67,1717.36,5.96,0,Suburban,2.94,16547.22,2858.860632,0,58499.1498,10235.4656
CUST100765,Male,10953.08,166.86,1.3,1,Rural,4.35,7485.97,4762.208696,1,47645.898,216.918
CUST100766,Female,1855.21,24.86,3.45,1,Rural,1.88,2844.67,416.9011236,0,3487.7948,85.767
CUST100767,Male,12176.86,175.89,7.86,1,Suburban,2.4,8072.98,1374.363431,0,29224.464,1382.4954
CUST100768,Male,3116.53,171.7,4.48,0,Rural,1.08,2861.16,568.709854,0,3365.8524,769.216
CUST100769,Male,715.66,11.93,6.35,1,Rural,4.91,4513.32,97.36870748,1,3513.8906,75.7555
CUST100770,Male,19417.77,328.55,6.55,0,Urban,1.27,9240.29,2571.890066,0,24660.5679,2152.0025
CUST100771,Male,15493.42,177.07,8.47,1,Urban,4.59,10231.74,1636.052798,1,71114.7978,1499.7829
CUST100772,Female,19604.17,477.95,3.38,1,Urban,2.25,11109.9,4475.8379,0,44109.3825,1615.471
CUST100773,Female,9609.78,238.51,6.94,1,Urban,3.35,8290.15,1210.299748,0,32192.763,1655.2594
CUST100774,Female,10691.92,167.69,9.62,0,Rural,3.72,6254.84,1006.772128,0,39773.9424,1613.1778
CUST100775,Male,3449.91,52.96,7.36,1,Suburban,1.56,4817.91,412.6686603,0,5381.8596,389.7856
CUST100776,Male,5013.46,101.11,5,0,Rural,2.78,3003.43,835.5766667,0,13937.4188,505.55
CUST100777,Male,16787.13,356.49,6.38,0,Suburban,2.3,8850.94,2274.678862,0,38610.399,2274.4062
CUST100778,Female,7188.09,138.38,7.45,0,Suburban,1.23,4855.95,850.6615385,0,8841.3507,1030.931
CUST100779,Male,16553.62,190.71,6.2,0,Suburban,4.33,8992.14,2299.113889,0,71677.1746,1182.402
CUST100780,Female,14209.37,291.11,0.36,0,Urban,1.18,5761.51,10448.06618,0,16767.0566,104.7996
CUST100781,Female,3625.7,38.45,2.11,0,Rural,3.61,3077.11,1165.819936,0,13088.777,81.1295
CUST100782,Male,10198.18,192.85,8.14,0,Urban,2.26,5268.44,1115.774617,0,23047.8868,1569.799
CUST100783,Male,13580.01,142.69,2.87,0,Suburban,1.77,5082.27,3509.046512,0,24036.6177,409.5203
CUST100784,Female,4777.24,56.79,7.37,0,Urban,3.67,4645.72,570.7574671,0,17532.4708,418.5423
CUST100785,Male,16630.7,421.77,3.85,0,Rural,3.3,8805.34,3429.010309,0,54881.31,1623.8145
CUST100786,Female,10942.07,125.7,5.31,0,Rural,2.26,6062.49,1734.083994,0,24729.0782,667.467
CUST100787,Male,3388.32,219.22,0.87,0,Suburban,3.05,2837.18,1811.935829,0,10334.376,190.7214
CUST100788,Male,11701.39,125.98,1.98,0,Suburban,1.98,5141.53,3926.64094,0,23168.7522,249.4404
CUST100789,Female,19994.3,307.58,9.58,1,Suburban,4.45,12348.34,1889.820416,1,88974.635,2946.6164
CUST100790,Male,3095.38,304.45,8.92,0,Urban,2.26,4040.77,312.0342742,0,6995.5588,2715.694
CUST100791,Female,16353.46,247.01,6.59,1,Urban,1.98,10396.01,2154.606061,0,32379.8508,1627.7959
CUST100792,Male,4225.45,43.31,4.7,0,Suburban,4.01,2747.42,741.3070175,0,16944.0545,203.557
CUST100793,Female,15669.53,1347.21,6.82,1,Urban,1.07,15098.73,2003.776215,0,16766.3971,9187.9722
CUST100794,Female,14718.1,255.1,6.26,0,Urban,2.07,7141.8,2027.286501,0,30466.467,1596.926
CUST100795,Male,6079.74,79.95,5.77,0,Urban,2.5,2623.47,898.0413589,0,15199.35,461.3115
CUST100796,Female,6583.88,80.32,0.78,0,Urban,4.53,4105.29,3698.808989,0,29824.9764,62.6496
CUST100797,Male,15871.18,358.16,6.4,0,Urban,4.8,8624.69,2144.754054,0,76181.664,2292.224
CUST100798,Male,9282.77,380.51,7.74,1,Urban,3.87,8766.01,1062.101831,0,35924.3199,2945.1474
CUST100799,Male,14643.28,1622.97,9.94,0,Urban,2.97,14300.75,1338.508227,0,43490.5416,16132.3218
CUST100800,Female,3044.88,50.69,0.31,0,Urban,3.56,2717.83,2324.335878,0,10839.7728,15.7139
CUST100801,Female,17065.9,355.34,7.36,1,Suburban,2.66,11593.59,2041.375598,0,45395.294,2615.3024
CUST100802,Male,14246.61,149.76,5.8,0,Rural,2.2,6339.88,2095.089706,0,31342.542,868.608
CUST100803,Male,18148.16,1687.03,4.45,0,Urban,4.8,16344.73,3329.937615,0,87111.168,7507.2835
CUST100804,Female,2734.21,39,1.45,0,Rural,1.46,1483.51,1116.004082,0,3991.9466,56.55
CUST100805,Male,11900.99,1614.4,4.21,0,Urban,2.39,13083.09,2284.259117,0,28443.3661,6796.624
CUST100806,Male,12022.5,564.8,3.67,1,Suburban,4.6,9720.97,2574.411135,1,55303.5,2072.816
CUST100807,Female,7133.87,148.34,3.17,1,Suburban,3.89,6659.86,1710.760192,0,27750.7543,470.2378
CUST100808,Male,9223.48,191.31,7.36,1,Suburban,1.12,7011.94,1103.287081,0,10330.2976,1408.0416
CUST100809,Female,855.83,12.2,7.07,1,Suburban,1.09,3815.74,106.0508055,0,932.8547,86.254
CUST100810,Male,14942.61,163.36,5.97,0,Urban,3.07,5955.25,2143.846485,0,45873.8127,975.2592
CUST100811,Female,11031.52,167.89,9.4,0,Urban,2.94,6503.43,1060.723077,0,32432.6688,1578.166
CUST100812,Male,1249.05,13.07,3.63,0,Rural,2.77,2605.03,269.7732181,0,3459.8685,47.4441
CUST100813,Male,13647.04,153.76,2.59,1,Urban,2.21,7913.16,3801.4039,0,30159.9584,398.2384
CUST100814,Female,9388.96,155.12,6.63,1,Urban,4.95,9446.83,1230.53211,1,46475.352,1028.4456
CUST100815,Male,785.78,9.33,2.15,0,Urban,2.09,866.61,249.4539683,0,1642.2802,20.0595
CUST100816,Female,19395.19,293.67,3.29,0,Urban,2.96,7792.86,4521.02331,0,57409.7624,966.1743
CUST100817,Male,18987.33,1523.5,2.4,1,Suburban,2.62,16132.29,5584.508824,0,49746.8046,3656.4
CUST100818,Female,10306.76,136.78,0.88,0,Suburban,1.68,4825.5,5482.319149,0,17315.3568,120.3664
CUST100819,Female,1964.08,140.13,8.31,1,Urban,1.81,4008.7,210.9645542,0,3554.9848,1164.4803
CUST100820,Female,15116.96,246.05,2.69,0,Urban,4.67,6848.88,4096.737127,0,70596.2032,661.8745
CUST100821,Female,9889.43,137.83,4.84,0,Suburban,4.43,6915.25,1693.395548,0,43810.1749,667.0972
CUST100822,Male,6118.7,540.52,0.62,0,Suburban,1.8,4858.3,3776.975309,0,11013.66,335.1224
CUST100823,Male,9879.22,366.91,7.05,1,Rural,4.5,8617.76,1227.232298,1,44456.49,2586.7155
CUST100824,Female,10496.64,114.11,3.44,0,Rural,1.84,4000.51,2364.108108,0,19313.8176,392.5384
CUST100825,Female,11297.96,177.78,7.5,0,Rural,3.51,5779.88,1329.171765,0,39655.8396,1333.35
CUST100826,Female,8880.35,312.72,4.24,1,Suburban,1.33,6682.63,1694.723282,0,11810.8655,1325.9328
CUST100827,Male,12154.53,172.12,2.12,1,Suburban,4.52,7855.18,3895.682692,1,54938.4756,364.8944
CUST100828,Male,18382.82,297.97,5.23,1,Urban,1.21,9580.54,2950.693419,0,22243.2122,1558.3831
CUST100829,Male,7309.13,138.83,1.48,0,Suburban,3.22,4226.49,2947.229839,0,23535.3986,205.4684
CUST100830,Male,14541.76,148.78,4.52,1,Urban,4.12,9666.1,2634.376812,1,59912.0512,672.4856
CUST100831,Female,17899.61,255.97,3.31,0,Rural,1.47,7656.52,4153.041763,0,26312.4267,847.2607
CUST100832,Female,9173.99,225.59,9.14,0,Urban,2.62,5633.04,904.7327416,0,24035.8538,2061.8926
CUST100833,Female,8924.77,110.17,0.8,0,Suburban,1.17,3957.91,4958.205556,0,10441.9809,88.136
CUST100834,Male,12082.13,135.7,7,0,Urban,3.73,5823.25,1510.26625,0,45066.3449,949.9
CUST100835,Male,11868.99,702.48,1.99,1,Suburban,2.23,9588.77,3969.561873,0,26467.8477,1397.9352
CUST100836,Male,16151.13,671.49,3.33,0,Urban,3.24,9657.02,3730.053118,0,52329.6612,2236.0617
CUST100837,Female,9582.02,375.15,4.27,0,Urban,4.73,7100.32,1818.220114,0,45322.9546,1601.8905
CUST100838,Female,19922.85,281.93,9.1,1,Urban,2.22,12157.42,1972.559406,0,44228.727,2565.563
CUST100839,Male,1283.48,20.61,2.58,1,Urban,1.19,2423.56,358.5139665,0,1527.3412,53.1738
CUST100840,Female,163.04,2.56,1.09,1,Urban,3.7,4189.71,78.00956938,0,603.248,2.7904
CUST100841,Male,12839.95,136.05,3.32,0,Urban,4.15,5347.05,2972.210648,0,53285.7925,451.686
CUST100842,Male,6038.85,76.72,1.23,1,Rural,4.83,6506.59,2708.004484,1,29167.6455,94.3656
CUST100843,Female,4883.61,284.69,1.46,0,Urban,1.63,3451.53,1985.207317,0,7960.2843,415.6474
CUST100844,Male,6306.79,165.91,5.82,1,Urban,2.57,5145.63,924.7492669,0,16208.4503,965.5962
CUST100845,Female,5195.35,112.06,0.8,0,Rural,4.38,2972.69,2886.305556,0,22755.633,89.648
CUST100846,Male,712.72,16.72,0.5,1,Suburban,4.23,3464.56,475.1466667,1,3014.8056,8.36
CUST100847,Female,19433.51,283.35,7.2,0,Urban,3.5,8947.1,2369.940244,0,68017.285,2040.12
CUST100848,Female,4492.84,50.07,3.74,0,Urban,2.08,1438.09,947.8565401,0,9345.1072,187.2618
CUST100849,Female,14707.19,431.61,1.43,0,Rural,2.14,6910.58,6052.341564,0,31473.3866,617.2023
CUST100850,Male,15275.67,266,2.69,0,Urban,1.5,7004.31,4139.747967,0,22913.505,715.54
CUST100851,Male,18592.22,232.42,6.49,0,Urban,4.69,8623.45,2482.272363,0,87197.5118,1508.4058
CUST100852,Female,707.93,15.89,2.9,1,Suburban,1.69,3424.68,181.5205128,0,1196.4017,46.081
CUST100853,Female,17453.76,832.27,5.05,0,Urban,3.29,10012.56,2884.919008,0,57422.8704,4202.9635
CUST100854,Male,10591.8,211.33,1.39,1,Rural,3.34,7081.66,4431.715481,0,35376.612,293.7487
CUST100855,Male,12687.63,1238.28,5.96,0,Urban,2.48,12935.68,1822.935345,0,31465.3224,7380.1488
CUST100856,Male,12924.96,136.73,3.3,0,Suburban,2.41,5944.52,3005.804651,0,31149.1536,451.209
CUST100857,Female,16413.98,1355.63,6.34,1,Suburban,3.67,15882.58,2236.237057,0,60239.3066,8594.6942
CUST100858,Male,6734.81,144.36,8.12,1,Urban,2.55,5783.95,738.4660088,0,17173.7655,1172.2032
CUST100859,Male,14687.72,265.41,6.19,0,Rural,2.02,7039.41,2042.798331,0,29669.1944,1642.8879
CUST100860,Female,10618.7,107.69,3.1,0,Rural,2.6,3787.13,2589.926829,0,27608.62,333.839
CUST100861,Male,15888.54,764.9,2.71,1,Urban,4.23,12462.8,4282.625337,1,67208.5242,2072.879
CUST100862,Male,19811.87,1248.31,3.41,0,Rural,4.87,14649.26,4492.487528,0,96483.8069,4256.7371
CUST100863,Male,4092.96,702.4,1.81,0,Urban,3.54,5507.99,1456.569395,0,14489.0784,1271.344
CUST100864,Female,19893.51,1005.77,1.98,1,Rural,4.13,13849.46,6675.674497,1,82160.1963,1991.4246
CUST100865,Female,1887.26,76.44,7.95,0,Urban,3.13,2354.36,210.8670391,0,5907.1238,607.698
CUST100866,Female,146.12,2.25,3.97,0,Urban,3.5,1878.73,29.40040241,0,511.42,8.9325
CUST100867,Female,978.82,37.83,4.47,1,Urban,4.95,3803.93,178.9433272,1,4845.159,169.1001
CUST100868,Female,6901.47,993.09,6.02,1,Urban,2.75,10384.21,983.1153846,0,18979.0425,5978.4018
CUST100869,Female,12694.84,151.98,5.98,0,Urban,1.27,5490.02,1818.744986,0,16122.4468,908.8404
CUST100870,Female,1473.69,37.09,0.86,0,Rural,4.83,1984.04,792.3064516,0,7117.9227,31.8974
CUST100871,Male,212.75,5.51,8.35,0,Rural,4.17,2405.44,22.7540107,0,887.1675,46.0085
CUST100872,Male,18748.11,555.74,1.94,1,Urban,2.59,11898.48,6376.908163,0,48557.6049,1078.1356
CUST100873,Female,16456.34,168.51,7.29,1,Urban,4.93,9908.02,1985.083233,1,81129.7562,1228.4379
CUST100874,Male,16202.75,765.69,7.77,0,Rural,2.38,9285.65,1847.519954,0,38562.545,5949.4113
CUST100875,Male,17700.04,195.94,7.21,0,Urban,2.49,8621.24,2155.912302,0,44073.0996,1412.7274
CUST100876,Female,14030.68,178.06,5.87,0,Urban,3.44,7037.81,2042.311499,0,48265.5392,1045.2122
CUST100877,Male,2177.64,177.54,0.34,0,Suburban,2.1,2323.68,1625.104478,0,4573.044,60.3636
CUST100878,Male,8042.09,81.45,3.73,1,Urban,3.79,6494.45,1700.230444,0,30479.5211,303.8085
CUST100879,Male,14490.67,470.79,6.13,0,Urban,1.61,7908.25,2032.352034,0,23329.9787,2885.9427
CUST100880,Male,5678.66,395.3,4,0,Suburban,1.43,4137.17,1135.732,0,8120.4838,1581.2
CUST100881,Male,13779.39,164.46,8.66,0,Suburban,3.14,7459.91,1426.437888,0,43267.2846,1424.2236
CUST100882,Female,587.52,8.14,3.23,0,Urban,3.22,1271.68,138.893617,0,1891.8144,26.2922
CUST100883,Female,6192.13,97.31,3.08,0,Rural,1.43,2391.35,1517.678922,0,8854.7459,299.7148
CUST100884,Female,11027.69,556.44,2.81,0,Suburban,4.86,6755.27,2894.406824,0,53594.5734,1563.5964
CUST100885,Male,12678.59,251.27,3.46,1,Urban,3.29,8316.79,2842.733184,0,41712.5611,869.3942
CUST100886,Female,11583.11,146.34,5.66,1,Urban,1.6,7841.08,1739.205706,0,18532.976,828.2844
CUST100887,Male,13985.35,413.23,7.13,1,Urban,2.25,9558.52,1720.215252,0,31467.0375,2946.3299
CUST100888,Male,221.17,6.39,6.69,0,Urban,4.2,1328.4,28.76072822,0,928.914,42.7491
CUST100889,Male,2108.73,397.99,8.12,1,Urban,3.09,6969.29,231.2203947,0,6515.9757,3231.6788
CUST100890,Male,17391.99,806.94,8.88,1,Urban,1.75,12284.07,1760.322874,0,30435.9825,7165.6272
CUST100891,Female,13666.8,155.02,8.2,0,Urban,1.41,6071.11,1485.521739,0,19270.188,1271.164
CUST100892,Female,2347.34,49.98,0.39,0,Suburban,2.72,2072.58,1688.733813,0,6384.7648,19.4922
CUST100893,Male,16857.28,171.14,7.41,0,Suburban,2.35,7986.1,2004.432818,0,39614.608,1268.1474
CUST100894,Female,4920.4,115.52,2.24,0,Suburban,3.62,4112.67,1518.641975,0,17811.848,258.7648
CUST100895,Male,9617.37,131.85,1.5,1,Suburban,4.7,7354.11,3846.948,1,45201.639,197.775
CUST100896,Female,2989.41,94.06,6.46,0,Rural,1.99,3210.9,400.7252011,0,5948.9259,607.6276
CUST100897,Female,14231.19,359.72,3.33,0,Suburban,4.42,8319.28,3286.648961,0,62901.8598,1197.8676
CUST100898,Male,13370.4,578.33,0.76,0,Urban,4.68,8168.76,7596.818182,0,62573.472,439.5308
CUST100899,Female,4301.14,113.27,1.55,0,Urban,4.61,3297.25,1686.721569,0,19828.2554,175.5685
CUST100900,Male,17281.68,303.25,0.21,0,Rural,4.81,7577.3,14282.38017,0,83124.8808,63.6825
CUST100901,Female,8085.99,81.5,9.05,0,Urban,4.37,5190.39,804.5761194,0,35335.7763,737.575
CUST100902,Male,5921.05,86.95,0.44,0,Urban,3.37,2707.94,4111.840278,0,19953.9385,38.258
CUST100903,Male,3131.36,130.86,2.25,1,Suburban,2.64,4603.88,963.4953846,0,8266.7904,294.435
CUST100904,Female,5396.74,582.09,4.28,1,Suburban,2.97,8004.52,1022.109848,0,16028.3178,2491.3452
CUST100905,Female,538.34,31.66,3.69,1,Suburban,4.49,4468.22,114.7846482,1,2417.1466,116.8254
CUST100906,Male,11706.82,200.31,9.13,1,Urban,2.21,7634.52,1155.65844,0,25872.0722,1828.8303
CUST100907,Female,16860.39,217.02,0.59,1,Urban,1.64,8693.18,10604.01887,0,27651.0396,128.0418
CUST100908,Female,11024.71,116.86,5.22,1,Rural,1.56,6832.15,1772.461415,0,17198.5476,610.0092
CUST100909,Male,4463.55,686.36,6.87,1,Urban,4.31,8226.66,567.1601017,1,19237.9005,4715.2932
CUST100910,Male,770.02,14.09,9.33,1,Urban,4.05,4498.38,74.54211036,1,3118.581,131.4597
CUST100911,Female,4371.1,87.89,6.28,0,Urban,2.99,3553.51,600.4258242,0,13069.589,551.9492
CUST100912,Male,8380.82,124.48,8.08,0,Rural,2.1,5243.93,922.9977974,0,17599.722,1005.7984
CUST100913,Male,15216.27,261.63,1.02,1,Suburban,3.71,8450.44,7532.806931,0,56452.3617,266.8626
CUST100914,Male,3838.07,54.62,3.98,0,Rural,1.15,2845.59,770.6967871,0,4413.7805,217.3876
CUST100915,Female,14423.85,213.63,3.86,0,Urban,3.27,6501.16,2967.87037,0,47165.9895,824.6118
CUST100916,Female,17351.98,1076.69,8.89,0,Urban,2.59,12305.3,1754.497472,0,44941.6282,9571.7741
CUST100917,Male,9133.54,112.8,1.68,0,Urban,4.91,4898.4,3408.037313,0,44845.6814,189.504
CUST100918,Female,16446.5,984.4,1.69,1,Rural,3.03,13753.34,6113.94052,0,49832.895,1663.636
CUST100919,Male,11137.68,156.08,3.42,0,Urban,3.21,5025.41,2519.837104,0,35751.9528,533.7936
CUST100920,Female,12778.11,286.93,0.73,0,Urban,3.85,6114.15,7386.190751,0,49195.7235,209.4589
CUST100921,Male,10572.94,196.47,1.99,0,Suburban,2.94,4663.26,3536.100334,0,31084.4436,390.9753
CUST100922,Male,9317.14,102.6,9.66,1,Urban,1.9,7328.14,874.0281426,0,17702.566,991.116
CUST100923,Female,4769.6,53.27,4.4,0,Suburban,3.15,3131.33,883.2592593,0,15024.24,234.388
CUST100924,Male,6133.56,74.17,6.39,1,Rural,4.78,6412.57,829.9810555,1,29318.4168,473.9463
CUST100925,Female,5870.41,109.8,7.32,1,Urban,2.64,5949.36,705.578125,0,15497.8824,803.736
CUST100926,Female,11309.45,150.91,3.8,0,Urban,3.72,6225.83,2356.135417,0,42071.154,573.458
CUST100927,Male,2487.08,46.29,1.64,0,Urban,4.91,3503.02,942.0757576,0,12211.5628,75.9156
CUST100928,Male,18344.15,209.38,2.22,0,Urban,4.32,7468.05,5696.940994,0,79246.728,464.8236
CUST100929,Female,14441.04,333.79,3.27,1,Urban,3.64,9518.67,3381.976581,0,52565.3856,1091.4933
CUST100930,Male,8088.77,83.24,6.43,1,Suburban,3.94,6639.67,1088.663526,0,31869.7538,535.2332
CUST100931,Male,3256.62,34.8,4.1,0,Urban,4.75,4271.38,638.5529412,0,15468.945,142.68
CUST100932,Male,17651.64,233.94,0.27,0,Rural,4.84,7449.76,13898.92913,0,85433.9376,63.1638
CUST100933,Male,16493.18,522.85,5.33,0,Urban,4.88,9759.41,2605.557662,0,80486.7184,2786.7905
CUST100934,Male,14462.26,826.08,9.23,1,Urban,3.5,13052.69,1413.710655,0,50617.91,7624.7184
CUST100935,Female,5503.79,63.85,8.16,0,Urban,2.54,3785.35,600.8504367,0,13979.6266,521.016
CUST100936,Female,8108.69,391.65,8.29,0,Suburban,1.53,6086.86,872.8406889,0,12406.2957,3246.7785
CUST100937,Male,2144.69,24.89,7.99,0,Urban,2.54,3258.6,238.56396,0,5447.5126,198.8711
CUST100938,Male,3861.89,74.81,3.37,1,Rural,4.77,5863.18,883.7276888,1,18421.2153,252.1097
CUST100939,Male,15682.03,359.49,7.7,1,Suburban,4.56,10788.3,1802.532184,1,71510.0568,2768.073
CUST100940,Female,14329.27,157.81,1.6,0,Rural,3.09,7196.3,5511.257692,0,44277.4443,252.496
CUST100941,Male,11910.37,190.98,6.65,1,Suburban,3.15,8173.83,1556.911111,0,37517.6655,1270.017
CUST100942,Female,17924.96,299.86,6.49,0,Urban,2.24,7700,2393.185581,0,40151.9104,1946.0914
CUST100943,Female,11707,201.56,0.45,1,Rural,2.82,7787.13,8073.793103,0,33013.74,90.702
CUST100944,Female,9392.66,233.29,7.92,0,Rural,3.86,5429.68,1052.988789,0,36255.6676,1847.6568
CUST100945,Male,6873.38,86.31,9.05,1,Rural,2.61,6828.94,683.918408,0,17939.5218,781.1055
CUST100946,Female,18814.93,648.44,2.82,0,Urban,1.75,10063.83,4925.374346,0,32926.1275,1828.6008
CUST100947,Male,1746.04,18.54,8.16,0,Suburban,3.16,3190.42,190.6157205,0,5517.4864,151.2864
CUST100948,Female,18624.66,207.1,1.01,1,Urban,1.9,8958.07,9266,0,35386.854,209.171
CUST100949,Male,16551.62,446.61,6.08,0,Urban,4.9,10134.3,2337.799435,0,81102.938,2715.3888
CUST100950,Female,2685.61,36.15,4.96,0,Suburban,2.56,1113.05,450.6057047,0,6875.1616,179.304
CUST100951,Male,11343.19,190.78,5.55,0,Rural,4.64,5782.05,1731.784733,0,52632.4016,1058.829
CUST100952,Female,17344.3,467.8,9.28,0,Suburban,1.9,9882.41,1687.188716,0,32954.17,4341.184
CUST100953,Male,11479,116.06,8.74,0,Rural,1.76,5225.72,1178.542094,0,20203.04,1014.3644
CUST100954,Male,18153.28,2453.96,7.89,0,Urban,3.47,19735.63,2041.988751,0,62991.8816,19361.7444
CUST100955,Male,18865.38,650.5,2.88,1,Urban,4.12,13020.73,4862.21134,1,77725.3656,1873.44
CUST100956,Male,8505.45,156.33,9.14,1,Suburban,3.27,8443.26,838.8017751,0,27812.8215,1428.8562
CUST100957,Female,7608.54,139.39,1.16,0,Urban,1.92,2576.63,3522.472222,0,14608.3968,161.6924
CUST100958,Female,18732.79,307.35,8.56,0,Rural,1.15,8867.94,1959.496862,0,21542.7085,2630.916
CUST100959,Male,13535.29,177.14,3.42,1,Urban,3.47,8836.02,3062.282805,0,46967.4563,605.8188
CUST100960,Female,2408.85,37.5,0.73,0,Urban,1.52,1024.97,1392.398844,0,3661.452,27.375
CUST100961,Male,941.61,15.18,6.76,0,Suburban,2.37,1455.94,121.3414948,0,2231.6157,102.6168
CUST100962,Male,11336.12,1124.18,2.47,1,Urban,3.7,12485.75,3266.893372,0,41943.644,2776.7246
CUST100963,Female,18610.4,456.47,2.59,1,Rural,1.39,10505.38,5183.955432,0,25868.456,1182.2573
CUST100964,Male,16900.55,624.9,3.2,0,Urban,1.51,8916.05,4023.940476,0,25519.8305,1999.68
CUST100965,Male,13549.37,448.5,0.82,0,Urban,1.25,7067.82,7444.708791,0,16936.7125,367.77
CUST100966,Female,2868.41,49.75,1.94,0,Rural,4.98,2133.32,975.6496599,0,14284.6818,96.515
CUST100967,Male,5159.2,215.39,0.25,1,Urban,2.55,5197.53,4127.36,0,13155.96,53.8475
CUST100968,Male,17522.67,532.2,4.57,0,Rural,4.62,9620.23,3145.901257,0,80954.7354,2432.154
CUST100969,Male,3737.86,135.81,1.03,1,Urban,2.17,4639.75,1841.310345,0,8111.1562,139.8843
CUST100970,Male,5640.94,59.31,6.89,0,Urban,4.01,4701,714.9480355,0,22620.1694,408.6459
CUST100971,Female,2679.05,28.28,2.51,0,Rural,1.88,1117.4,763.2621083,0,5036.614,70.9828
CUST100972,Female,13554.55,215.34,9.45,0,Rural,2.99,7626.7,1297.086124,0,40528.1045,2034.963
CUST100973,Female,18885.25,203.44,8.74,1,Urban,4.3,10295.38,1938.937372,1,81206.575,1778.0656
CUST100974,Male,5452.46,68.45,3.04,0,Suburban,4.27,4195.3,1349.618812,0,23282.0042,208.088
CUST100975,Male,9560.59,156.62,7.88,0,Rural,4.18,5446.41,1076.643018,0,39963.2662,1234.1656
CUST100976,Female,12723.36,2267.43,8.07,1,Urban,4.29,19005.31,1402.796031,1,54583.2144,18298.1601
CUST100977,Male,19989.38,255,9.87,1,Urban,1.85,11313.04,1838.949402,0,36980.353,2516.85
CUST100978,Male,2185.68,30.47,6.06,0,Suburban,2.93,3133.9,309.5864023,0,6404.0424,184.6482
CUST100979,Male,10021.56,157.95,1,0,Urban,2.94,3797.34,5010.78,0,29463.3864,157.95
CUST100980,Male,7763.89,100.52,6.54,1,Urban,4.56,7249.48,1029.693634,1,35403.3384,657.4008
CUST100981,Female,17329.82,322.55,6.32,1,Rural,2.19,10104.36,2367.461749,0,37952.3058,2038.516
CUST100982,Female,9571.76,133.15,6.46,0,Urban,4.73,6574.22,1283.077748,0,45274.4248,860.149
CUST100983,Female,2308.45,24.6,3.21,1,Rural,2.8,3515.28,548.3254157,0,6463.66,78.966
CUST100984,Male,12725.04,312.64,8.62,0,Suburban,3.68,6446.55,1322.769231,0,46828.1472,2694.9568
CUST100985,Female,15438.53,213.62,9.6,1,Suburban,2.08,9117.94,1456.465094,0,32112.1424,2050.752
CUST100986,Female,157.34,3.13,2.33,0,Suburban,2.64,1053.38,47.24924925,0,415.3776,7.2929
CUST100987,Male,17193.24,248.93,1.06,0,Urban,3.84,7902.3,8346.23301,0,66022.0416,263.8658
CUST100988,Male,3801.86,49.07,2.11,0,Urban,3.05,2046.4,1222.463023,0,11595.673,103.5377
CUST100989,Female,11086.18,1189.76,8.24,1,Urban,4.72,13940.92,1199.80303,1,52326.7696,9803.6224
CUST100990,Female,8374.37,126.07,6.83,1,Suburban,3.95,8351.07,1069.523627,0,33078.7615,861.0581
CUST100991,Female,14421.11,543.36,6.43,0,Urban,3.26,9546.73,1940.930013,0,47012.8186,3493.8048
CUST100992,Female,7486.12,109.04,4.14,0,Urban,4.55,5061.73,1456.44358,0,34061.846,451.4256
CUST100993,Male,17408.29,351.74,5.86,0,Rural,3.66,8978.26,2537.651603,0,63714.3414,2061.1964
CUST100994,Female,14636.88,186.49,3.22,1,Rural,3.59,8885.21,3468.454976,0,52546.3992,600.4978
CUST100995,Female,12989.49,776.74,4.88,1,Urban,1.99,10554.57,2209.096939,0,25849.0851,3790.4912
CUST100996,Male,15945.19,247.21,7.97,1,Urban,2.58,9586.66,1777.613155,0,41138.5902,1970.2637
CUST100997,Female,15105.06,480.22,9.82,0,Suburban,3.73,8243.55,1396.031423,0,56341.8738,4715.7604
CUST100998,Male,815.18,9.48,9.34,1,Rural,4.57,5149.51,78.83752418,1,3725.3726,88.5432
CUST100999,Male,7955.21,85.36,9.35,0,Urban,2.26,5690.09,768.6193237,0,17978.7746,798.116
